39,39,39,39,39,35,84,81,84,81,84,84,84,9,35,35,35,35,35,35,35,35,35,35,35,86,18,86,86,86,86,18,86,86,86,86,86,57,35,38,54,53,53,53,53,53,53,53,53,53,53,146,201,201,552,521,521,552,521,521,320,320,135,135,320,320,320,320,320,320,135,320,320,320,320,152,291,291,552,521,521,522,478,478,552,521,521,170,170,320,320,
39,39,39,39,39,39,39,39,39,104,104,221,
39,39,156,
39,156,156,156,
39,39,35,35,38,54,38,38,38,84,53,53,53,53,53,156,156,152,180,170,552,521,521,552,521,521,552,521,521,552,521,521,201,201,201,201,201,126,203,203,203,203,203,320,320,320,320,552,521,521,552,521,521,171,315,315,552,521,496,315,288,198,198,198,182,
86,86,86,86,86,86,86,86,86,86,40,86,86,86,86,86,86,86,86,86,86,86,86,86,86,86,86,86,86,86,86,86,86,86,86,86,86,86,86,86,86,86,86,86,86,86,86,86,86,86,86,86,86,86,86,86,86,86,86,86,86,86,86,86,86,86,86,86,86,86,86,86,86,86,86,86,86,86,86,86,86,86,86,86,86,86,86,86,86,35,53,53,53,84,9,9,129,129,129,129,129,129,129,129,129,129,129,129,129,129,129,129,129,129,129,129,129,129,129,129,129,129,129,129,129,129,129,129,129,129,129,129,129,129,129,129,129,129,129,129,129,129,129,129,129,129,129,129,129,129,129,129,129,129,129,129,129,129,129,129,129,129,129,129,129,129,129,129,129,129,129,129,129,129,129,129,129,129,129,129,129,129,129,129,129,129,129,129,129,129,129,129,129,129,129,129,129,129,129,129,129,129,129,129,129,129,129,129,129,129,129,129,129,129,129,129,129,129,129,129,129,129,129,129,129,129,129,129,129,129,129,129,129,129,129,129,129,129,129,129,129,129,129,129,129,129,129,129,129,129,129,129,129,129,129,129,129,129,129,129,129,129,129,129,129,129,129,129,146,129,129,146,129,129,129,129,161,291,291,170,161,291,291,170,161,291,291,170,161,161,174,
35,315,315,503,572,572,503,572,572,503,572,572,
53,
39,114,54,101,16,16,171,218,218,218,
39,39,114,114,81,156,156,316,316,316,316,309,309,309,309,309,309,309,309,309,309,192,
39,156,156,156,156,156,
316,316,
84,10,53,50,315,315,201,478,521,521,518,521,521,316,316,315,315,315,315,521,572,572,
39,39,40,57,44,54,54,114,54,44,114,9,9,114,54,80,113,114,80,53,114,81,80,53,315,315,510,508,506,231,171,171,155,197,486,477,548,197,486,477,548,315,315,582,478,478,230,126,197,486,581,522,486,581,522,548,478,478,
54,15,15,171,198,198,315,315,315,315,320,320,582,478,478,582,478,478,506,478,478,
315,315,315,315,315,315,315,315,315,315,315,315,315,315,
38,95,95,95,95,156,539,561,478,539,561,478,539,561,478,539,561,478,170,170,539,561,478,
39,35,53,84,84,9,84,81,552,521,521,231,522,489,581,309,309,309,309,309,309,552,521,521,309,309,192,309,309,309,309,309,309,315,309,
39,39,39,35,53,53,53,53,53,170,315,315,316,316,316,316,506,478,478,
12,10,246,246,246,246,246,246,522,506,506,
35,35,71,114,54,10,10,171,522,478,506,522,478,506,522,478,506,
38,54,38,38,114,81,54,114,54,54,54,171,315,315,315,315,315,315,132,522,581,483,309,309,192,231,155,522,478,506,145,155,171,315,315,231,132,522,581,483,155,315,315,315,315,315,315,582,478,478,582,478,478,582,478,478,582,478,478,
39,156,316,316,315,315,316,316,316,316,309,309,
113,84,84,84,10,53,53,53,84,40,230,201,315,315,315,315,201,315,315,315,315,315,315,315,315,315,315,198,198,201,315,315,315,315,315,315,315,315,315,315,315,315,198,315,315,198,201,309,309,315,315,315,315,478,521,521,231,231,231,155,126,155,478,521,506,231,203,192,231,231,230,126,477,478,478,309,309,552,521,521,508,508,506,508,508,506,315,315,
113,84,84,84,10,53,53,53,84,40,230,201,315,315,315,315,201,315,315,315,315,315,315,315,315,315,315,198,198,201,315,315,315,315,315,315,315,315,315,315,315,315,198,315,315,198,201,309,309,315,315,315,315,478,521,521,231,231,231,155,126,155,478,521,506,231,203,192,231,231,230,126,477,478,478,309,309,552,521,521,508,508,506,508,508,506,315,315,
113,84,84,84,10,53,53,53,84,40,230,201,315,315,315,315,201,315,315,315,315,315,315,315,315,315,315,198,198,201,315,315,315,315,315,315,315,315,315,315,315,315,198,315,315,198,201,309,309,315,315,315,315,478,521,521,231,231,231,155,126,155,478,521,506,231,203,192,231,231,230,126,477,478,478,309,309,552,521,521,508,508,506,508,508,506,315,315,
39,39,68,35,35,35,35,35,44,35,9,38,9,9,9,38,81,81,53,53,53,80,71,80,81,54,81,81,53,44,38,156,156,156,185,152,291,291,174,174,315,315,201,138,170,552,521,521,126,552,521,521,315,309,315,309,315,309,126,171,192,171,171,315,309,171,192,315,309,126,315,309,552,521,521,315,309,315,309,188,315,309,197,315,309,192,315,309,522,478,478,315,309,192,171,192,315,309,315,309,315,309,315,309,315,309,315,309,161,315,315,197,315,315,201,201,171,171,315,315,201,201,171,171,503,572,572,521,572,572,521,572,572,521,572,572,
39,39,156,156,156,155,477,478,478,478,506,506,126,309,309,309,309,309,309,309,309,316,316,
39,39,35,114,38,156,156,156,156,156,156,
39,39,39,39,53,156,156,156,156,156,156,156,156,156,
39,39,39,54,54,15,156,156,156,155,477,478,478,478,506,506,126,192,192,132,132,316,316,
39,156,156,316,316,316,316,316,316,316,316,316,316,
39,39,54,42,114,156,156,156,316,316,155,477,478,478,478,506,506,126,192,159,231,231,316,316,
39,156,156,316,316,316,316,316,316,316,316,316,316,316,316,316,316,316,316,
39,39,54,54,54,53,54,54,54,54,53,156,156,316,316,316,316,171,316,316,316,316,171,171,316,316,552,521,521,552,521,521,171,171,171,316,316,552,521,521,552,521,521,552,521,521,171,
39,39,54,54,54,53,54,54,54,54,53,156,156,316,316,316,316,171,316,316,316,316,171,171,316,316,552,521,521,552,521,521,171,171,171,316,316,552,521,521,552,521,521,552,521,521,171,
39,39,54,54,54,53,54,54,54,54,53,156,156,316,316,316,316,171,316,316,316,316,171,171,316,316,552,521,521,552,521,521,171,171,171,316,316,552,521,521,552,521,521,552,521,521,171,
39,39,54,54,54,53,54,54,54,54,53,156,156,316,316,316,316,171,316,316,316,316,171,171,316,316,552,521,521,552,521,521,171,171,171,316,316,552,521,521,552,521,521,552,521,521,171,
39,39,156,156,274,274,
39,53,84,552,521,521,552,521,521,506,506,478,
35,113,38,80,53,84,9,84,84,225,230,152,316,316,316,316,316,316,315,315,315,315,315,315,315,315,315,315,197,315,315,201,155,155,145,
39,54,54,81,84,101,101,81,
81,53,81,81,81,63,84,54,54,63,552,521,521,552,521,521,552,521,521,552,521,521,171,171,552,521,521,522,522,522,522,522,522,522,522,522,
44,84,84,84,
39,84,54,54,54,54,54,54,54,80,54,54,54,54,54,54,54,54,54,54,53,53,53,84,84,9,9,9,54,54,54,54,40,54,54,53,53,152,152,291,291,552,521,521,316,316,126,198,198,126,198,198,231,126,197,315,315,198,198,198,198,522,522,478,315,315,198,171,170,170,198,171,171,171,198,198,198,198,157,198,198,198,508,508,508,315,315,198,198,315,315,161,315,315,552,521,521,552,521,521,521,572,572,521,572,572,521,572,572,
39,39,39,68,35,35,35,35,35,54,38,54,9,9,113,54,54,54,38,80,54,54,54,53,53,53,80,71,54,80,54,54,54,54,54,54,54,53,53,84,84,114,114,114,114,38,38,28,53,53,54,54,54,54,54,54,114,115,80,53,53,156,156,156,185,152,152,316,316,138,170,126,230,192,192,315,309,126,171,231,171,126,171,197,315,315,192,171,192,315,309,126,171,192,315,309,188,315,309,522,522,478,315,315,198,197,171,170,170,192,171,171,171,522,478,478,192,192,171,192,192,192,192,192,315,315,192,192,161,315,315,197,316,307,315,315,201,201,171,171,315,315,315,315,552,521,521,201,171,171,521,572,572,521,572,572,521,572,572,521,572,572,
81,81,309,309,192,309,309,309,309,192,309,309,309,309,192,309,309,192,171,171,171,171,171,
39,39,113,113,113,53,42,54,42,114,156,156,156,230,230,230,152,152,315,315,315,315,126,126,155,506,506,506,159,126,126,126,315,315,192,315,315,159,231,316,316,316,316,315,315,
113,113,113,156,230,230,230,152,152,315,315,315,315,126,126,315,315,315,315,315,315,315,315,
39,54,54,54,54,54,54,9,54,80,54,54,54,54,53,53,53,84,84,9,9,9,54,54,54,54,54,54,53,53,152,152,291,291,316,316,126,198,198,126,198,171,477,478,478,231,126,197,170,126,171,198,522,522,478,315,315,198,171,170,170,170,170,198,198,198,198,315,315,198,198,315,315,161,315,315,552,521,521,521,572,572,521,572,572,521,572,572,
39,39,39,68,35,35,35,35,35,54,38,54,9,9,54,54,54,38,80,54,54,53,53,53,80,71,54,80,54,53,53,84,84,114,114,114,114,38,38,28,84,84,9,9,38,53,54,54,54,54,54,54,53,53,53,156,156,156,185,152,152,316,316,138,170,126,171,192,315,309,126,171,231,171,126,171,197,170,315,309,126,171,192,315,309,188,315,309,522,522,478,315,315,198,197,171,170,170,170,170,192,192,192,192,315,315,192,192,161,315,315,197,315,315,315,315,552,521,521,201,171,171,315,315,201,552,521,521,201,171,171,521,572,572,521,572,572,521,572,572,521,572,572,
44,21,84,113,152,170,552,521,521,206,522,489,557,552,521,521,315,315,315,288,198,198,230,230,503,572,572,
44,53,80,152,152,152,152,170,552,521,521,552,521,521,506,478,478,126,522,548,477,126,155,155,127,
53,
53,53,315,315,
53,68,114,68,54,80,53,536,521,521,582,478,478,536,582,582,315,315,522,508,522,548,478,478,548,478,478,170,
53,38,71,54,44,50,54,114,114,114,38,54,53,54,71,54,71,54,114,114,54,54,80,53,518,521,521,315,315,518,521,521,201,315,315,170,552,521,521,315,315,552,521,521,199,155,522,581,478,315,315,231,171,552,521,521,155,171,552,521,521,155,171,522,478,478,552,521,521,315,309,171,231,231,171,171,552,521,521,315,309,522,581,478,315,315,582,478,478,582,478,478,522,522,522,522,478,478,126,126,126,197,315,315,552,521,521,170,170,552,521,521,
39,35,53,9,38,71,54,81,40,38,54,53,114,114,114,54,54,81,81,71,54,81,63,71,54,114,54,81,63,50,114,114,54,54,114,114,114,54,80,80,53,84,54,156,156,156,518,521,521,315,315,518,521,521,201,309,309,192,552,521,521,508,508,506,315,315,552,521,521,155,171,231,171,552,521,521,155,171,309,309,192,309,309,192,552,521,521,155,171,309,309,192,552,521,521,315,309,171,231,231,171,171,171,552,521,521,315,309,171,582,478,478,522,522,522,171,171,518,521,521,552,521,521,582,478,478,231,231,315,315,171,522,581,581,171,171,291,291,552,521,521,197,170,126,126,126,197,161,315,315,552,521,521,552,521,521,171,315,315,522,581,477,170,552,521,521,552,521,521,521,572,572,
84,84,81,81,81,81,54,152,309,315,309,315,309,315,315,288,198,198,552,521,521,171,552,521,521,309,315,552,521,521,309,315,315,288,198,198,315,288,198,198,552,521,521,171,552,521,521,315,288,198,198,198,582,478,478,
39,39,39,35,35,35,84,84,9,38,75,38,38,113,75,84,38,9,40,54,54,102,38,53,54,114,114,38,38,68,114,81,81,114,38,113,40,54,54,38,38,54,68,54,113,80,53,84,84,84,71,114,54,10,10,68,114,38,114,81,81,38,84,9,81,10,113,10,53,84,38,80,84,114,38,38,114,9,80,53,53,53,54,81,81,10,53,156,152,552,521,521,552,521,521,201,315,315,198,315,315,552,521,521,552,521,521,201,552,521,521,315,315,315,315,315,315,198,522,506,478,552,521,521,230,198,552,521,521,552,521,521,201,157,231,315,315,315,315,198,315,315,171,198,126,506,478,478,155,506,478,478,548,478,478,522,506,478,552,521,521,552,521,521,552,521,521,201,552,521,521,320,320,171,185,582,478,478,197,536,582,582,185,231,230,155,508,508,506,315,315,157,522,522,522,522,478,478,315,315,522,581,477,536,486,582,171,230,126,548,478,478,552,521,521,552,521,521,552,521,521,552,521,521,552,521,521,171,171,192,171,522,522,522,522,478,506,315,297,126,536,552,582,506,506,478,155,510,506,506,478,506,506,315,315,315,315,291,291,316,307,315,315,201,171,171,552,521,521,552,521,521,230,315,315,522,478,506,552,521,521,201,231,155,506,506,506,159,231,155,155,126,231,155,155,126,486,548,477,197,552,521,521,121,132,132,548,478,506,121,522,581,472,522,581,472,521,572,572,
39,39,39,39,39,156,
39,39,39,38,156,156,156,156,156,156,
35,35,35,35,114,114,114,54,9,9,9,40,38,81,81,10,38,102,54,9,9,9,9,68,114,36,81,81,38,10,54,40,69,69,69,86,53,10,53,53,53,53,552,521,521,231,506,478,478,197,540,581,548,522,477,477,508,508,508,522,506,478,198,522,506,478,197,315,315,552,521,521,185,536,582,582,231,581,503,582,231,582,478,478,506,478,478,309,309,155,522,478,478,522,581,508,309,309,198,522,506,478,155,508,508,506,508,537,508,315,315,508,537,508,315,315,320,320,320,320,478,521,504,
40,38,10,102,10,246,246,246,246,506,478,478,197,508,508,508,522,506,478,197,506,478,478,309,309,171,171,155,
104,104,104,35,35,35,35,9,9,9,9,9,9,9,9,9,114,9,54,38,81,75,75,80,68,68,9,9,9,114,54,75,75,9,9,9,86,75,86,75,54,40,81,10,38,54,54,9,9,54,80,53,38,152,315,315,189,552,521,521,291,291,552,521,521,231,231,581,503,582,315,315,231,231,540,581,581,231,231,231,309,315,309,315,309,315,309,315,309,315,309,309,506,478,478,171,506,478,478,155,481,478,478,522,478,478,309,315,155,309,309,309,309,309,309,198,198,309,315,309,315,197,291,291,552,521,521,185,309,315,309,315,536,582,582,536,582,486,582,478,478,522,581,508,198,198,171,309,315,309,315,309,315,522,581,477,185,309,315,508,508,506,522,478,506,309,315,198,171,309,309,231,506,478,478,582,478,478,506,478,478,197,552,521,521,503,572,572,506,478,478,582,478,478,582,478,478,477,478,478,
104,104,104,35,35,35,35,9,9,9,9,9,9,9,9,9,114,9,54,38,81,75,75,80,68,68,9,9,9,114,54,75,75,9,9,9,86,75,86,75,54,40,81,10,38,54,54,9,9,54,80,53,38,152,315,315,189,552,521,521,291,291,552,521,521,231,231,581,503,582,315,315,231,231,540,581,581,231,231,231,309,315,309,315,309,315,309,315,309,315,309,309,506,478,478,171,506,478,478,155,481,478,478,522,478,478,309,315,155,309,309,309,309,309,309,198,198,309,315,309,315,197,291,291,552,521,521,185,309,315,309,315,536,582,582,536,582,486,582,478,478,522,581,508,198,198,171,309,315,309,315,309,315,522,581,477,185,309,315,508,508,506,522,478,506,309,315,198,171,309,309,231,506,478,478,582,478,478,506,478,478,197,552,521,521,503,572,572,506,478,478,582,478,478,582,478,478,477,478,478,
84,
186,186,522,522,483,
50,50,50,50,50,50,50,50,50,50,80,50,50,38,50,155,552,521,521,197,552,521,521,506,478,478,548,478,478,548,478,478,506,478,478,
50,50,50,50,50,552,521,521,552,521,521,552,521,521,
50,50,50,50,50,552,521,521,552,521,521,552,521,521,
50,50,50,54,50,50,552,521,521,552,521,521,155,522,522,548,522,522,548,186,
82,114,40,68,157,199,199,315,315,
108,53,108,68,35,84,53,80,38,38,108,68,315,315,170,315,315,199,152,315,315,201,315,315,315,315,316,316,315,315,197,518,521,521,316,316,197,170,518,521,521,478,521,521,315,315,197,316,316,315,315,478,506,521,171,197,199,316,316,521,572,572,521,572,572,521,572,572,
39,104,156,156,572,572,487,161,291,291,315,315,221,521,572,572,315,315,201,315,315,315,315,221,291,291,152,152,170,174,127,170,170,170,170,170,
54,68,316,316,171,315,315,199,315,315,315,315,315,315,
57,68,54,57,54,57,124,123,123,486,522,581,
39,50,57,50,50,57,50,50,50,
53,53,53,54,54,9,9,114,103,9,81,81,114,152,540,477,581,180,180,552,521,521,477,478,478,477,478,478,582,478,478,506,478,478,582,478,478,582,478,478,477,478,478,582,478,478,506,478,478,548,478,478,552,521,521,171,477,478,478,315,315,198,126,231,522,483,581,552,521,521,167,315,315,198,126,582,478,478,552,521,521,201,518,582,552,171,552,521,521,126,291,291,315,315,552,521,521,126,126,315,309,315,309,521,572,572,521,572,572,477,478,478,
53,53,53,54,54,9,9,114,103,9,81,81,114,152,540,477,581,180,180,552,521,521,477,478,478,477,478,478,582,478,478,506,478,478,582,478,478,582,478,478,477,478,478,582,478,478,506,478,478,548,478,478,552,521,521,171,477,478,478,315,315,198,126,231,522,483,581,552,521,521,167,315,315,198,126,582,478,478,552,521,521,201,518,582,552,171,552,521,521,126,291,291,315,315,552,521,521,126,126,315,309,315,309,521,572,572,521,572,572,477,478,478,
108,225,316,316,316,316,316,316,316,316,316,316,316,316,316,316,316,316,316,316,
39,39,57,108,82,68,113,35,35,114,114,80,38,68,68,68,50,7,38,80,53,84,9,84,84,53,53,156,225,185,230,152,170,315,315,231,231,155,197,170,170,199,315,315,315,315,185,315,315,199,315,315,315,315,185,197,315,315,201,155,155,145,
39,108,156,156,156,225,316,316,316,316,316,316,316,316,316,316,316,316,316,316,316,316,316,316,316,316,316,316,316,316,316,316,316,316,316,316,
39,108,108,108,156,156,225,316,316,225,316,316,316,316,316,316,316,316,316,316,225,316,316,316,316,316,316,
39,108,53,108,68,35,84,50,80,50,53,50,80,38,50,38,50,108,68,50,50,156,156,315,315,170,315,315,199,152,315,315,201,315,315,315,315,170,316,316,315,315,197,315,315,197,197,170,518,521,521,199,316,316,521,572,572,197,197,521,572,572,
108,156,225,316,316,316,316,316,316,316,316,
108,156,225,316,316,316,316,316,316,316,316,
108,108,108,108,225,316,316,316,316,225,316,316,316,316,225,316,316,316,316,316,316,316,316,225,316,316,316,316,316,316,316,316,
108,108,108,108,225,316,316,316,316,225,316,316,316,316,225,316,316,316,316,316,316,316,316,225,316,316,316,316,316,316,316,316,
39,108,53,53,53,53,225,316,316,316,316,316,316,316,316,316,316,
39,39,39,39,39,39,39,39,39,39,39,39,39,39,39,39,39,86,86,86,156,156,156,156,156,156,156,156,315,309,315,315,315,309,315,315,315,309,315,309,315,315,
108,38,18,316,316,316,316,144,316,316,316,316,522,478,478,198,316,316,316,316,316,316,316,316,316,316,316,316,316,316,316,316,316,316,316,316,316,316,316,316,316,316,316,316,316,316,135,135,316,316,
108,38,18,316,316,316,316,144,316,316,316,316,522,478,478,198,316,316,316,316,316,316,316,316,316,316,316,316,316,316,316,316,316,316,316,316,316,316,316,316,316,316,316,316,316,316,135,135,316,316,
84,81,84,81,84,54,156,156,171,
53,84,34,34,54,9,81,38,54,9,54,54,40,54,40,102,54,80,54,81,54,40,102,54,84,54,75,75,54,54,112,40,71,81,113,18,54,54,81,9,9,80,80,80,54,71,71,221,503,572,572,503,572,572,503,572,572,503,572,572,503,572,572,503,572,572,503,572,572,477,478,478,552,521,521,201,192,502,477,508,315,315,315,315,552,521,521,316,316,315,315,315,309,315,309,315,309,315,309,315,309,315,309,552,521,521,316,316,315,315,171,126,192,315,309,315,315,315,309,151,198,315,315,171,201,315,309,309,309,171,126,315,309,171,315,315,171,309,309,508,508,506,315,315,171,309,309,157,157,219,309,309,171,197,316,316,315,315,518,582,582,536,582,582,518,582,582,536,582,582,315,309,171,192,198,198,315,315,315,315,198,171,309,309,157,219,309,309,171,552,521,521,316,316,315,315,171,192,192,171,309,309,171,309,309,309,309,309,309,552,521,521,316,316,315,315,315,309,315,309,315,309,315,309,315,288,198,198,315,309,315,309,315,315,201,580,504,504,508,504,504,539,504,504,198,552,521,521,316,316,315,315,552,521,521,192,315,309,315,309,198,581,582,582,229,157,188,198,198,552,521,521,316,316,315,315,552,521,521,230,315,309,486,477,477,135,201,171,171,315,315,192,315,309,315,315,201,126,309,309,315,309,126,552,521,521,316,316,315,315,198,198,552,521,521,316,316,315,315,315,309,315,309,315,309,201,197,201,197,201,197,201,171,188,315,309,188,315,288,198,198,198,
53,84,34,34,54,9,81,38,54,9,54,54,40,54,40,102,54,80,54,81,54,40,102,54,84,54,75,75,54,54,112,40,71,81,113,18,54,54,81,9,9,80,80,80,54,71,71,221,503,572,572,503,572,572,503,572,572,503,572,572,503,572,572,503,572,572,503,572,572,477,478,478,552,521,521,201,192,502,477,508,315,315,315,315,552,521,521,316,316,315,315,315,309,315,309,315,309,315,309,315,309,315,309,552,521,521,316,316,315,315,171,126,192,315,309,315,315,315,309,151,198,315,315,171,201,315,309,309,309,171,126,315,309,171,315,315,171,309,309,508,508,506,315,315,171,309,309,157,157,219,309,309,171,197,316,316,315,315,518,582,582,536,582,582,518,582,582,536,582,582,315,309,171,192,198,198,315,315,315,315,198,171,309,309,157,219,309,309,171,552,521,521,316,316,315,315,171,192,192,171,309,309,171,309,309,309,309,309,309,552,521,521,316,316,315,315,315,309,315,309,315,309,315,309,315,288,198,198,315,309,315,309,315,315,201,580,504,504,508,504,504,539,504,504,198,552,521,521,316,316,315,315,552,521,521,192,315,309,315,309,198,581,582,582,229,157,188,198,198,552,521,521,316,316,315,315,552,521,521,230,315,309,486,477,477,135,201,171,171,315,315,192,315,309,315,315,201,126,309,309,315,309,126,552,521,521,316,316,315,315,198,198,552,521,521,316,316,315,315,315,309,315,309,315,309,201,197,201,197,201,197,201,171,188,315,309,188,315,288,198,198,198,
50,57,50,53,84,84,9,69,54,54,54,54,34,81,54,54,54,54,54,34,81,54,54,54,54,54,54,68,54,80,68,54,72,54,72,81,54,9,54,81,40,80,50,54,54,54,54,54,54,54,81,81,54,9,81,54,81,54,81,81,54,54,221,503,572,572,503,572,572,291,291,503,572,572,167,174,503,572,572,291,291,503,572,572,291,291,552,521,521,552,521,521,182,316,316,315,315,315,315,171,171,315,315,171,171,201,518,552,552,552,521,521,192,315,315,192,198,315,309,309,309,171,171,315,315,198,171,171,518,552,552,316,316,315,315,198,315,315,171,518,552,552,316,316,315,315,192,315,315,192,171,171,315,288,198,198,315,315,171,315,315,171,171,315,315,315,288,198,198,171,518,552,552,316,316,315,315,167,552,521,521,315,315,536,582,582,171,315,309,197,315,309,315,309,185,536,582,486,198,198,198,315,309,309,309,309,309,198,171,189,198,171,189,315,315,192,171,315,309,126,315,288,198,198,171,185,315,309,315,315,192,157,197,518,552,552,316,316,315,315,171,171,198,171,315,288,198,198,315,315,198,171,171,171,198,171,201,167,315,309,315,309,198,201,198,198,198,198,198,201,315,309,315,309,201,198,198,201,315,309,315,309,315,309,315,309,315,309,201,518,552,552,198,201,315,309,315,309,201,315,309,315,309,201,552,521,521,315,309,315,309,201,552,521,521,315,309,198,192,192,518,521,521,201,315,309,315,309,315,309,315,309,316,316,315,315,198,171,201,126,201,198,192,518,521,521,167,316,316,315,315,552,521,521,315,309,315,288,198,198,171,192,315,288,198,198,171,192,171,171,171,315,288,198,198,198,
39,39,39,39,39,39,39,39,156,156,156,156,
39,114,114,114,114,38,114,54,115,38,80,53,156,156,197,197,502,581,522,
50,75,12,114,38,114,53,75,12,84,84,81,81,112,40,71,113,38,81,81,80,40,38,53,38,38,84,53,246,246,246,246,155,477,478,506,522,581,478,315,315,198,518,521,521,229,157,539,504,504,552,521,521,580,504,504,508,504,504,539,504,504,230,315,315,552,521,521,315,315,315,315,518,521,521,552,521,521,155,231,126,197,518,521,521,552,521,521,315,315,320,320,315,315,231,155,231,508,506,537,274,274,189,171,198,126,518,521,521,552,521,521,231,201,518,521,521,552,521,521,231,496,478,478,155,155,552,521,521,552,521,521,315,315,231,231,155,
39,39,53,84,84,80,35,35,53,9,9,53,53,35,35,53,9,9,53,38,38,80,156,161,315,315,161,315,315,201,155,155,231,197,170,170,170,170,170,221,521,572,572,316,307,315,315,201,155,155,155,197,316,316,206,170,170,170,316,316,201,201,206,170,170,170,221,170,552,521,521,552,521,521,170,170,170,170,170,170,170,
39,50,50,53,53,315,315,
39,39,39,39,39,39,39,39,108,113,35,35,50,57,68,50,57,50,57,35,35,35,50,21,50,68,50,69,84,84,4,114,103,50,50,68,84,9,38,75,114,38,54,50,68,50,113,75,50,68,50,50,84,38,9,40,38,40,40,80,102,10,38,38,53,50,68,50,50,54,113,114,9,38,114,81,75,12,114,38,113,40,54,114,38,38,114,38,54,68,102,80,53,53,50,50,53,50,68,50,50,50,50,50,71,114,54,10,10,50,50,50,9,9,114,38,71,114,54,50,50,38,50,50,84,50,84,84,9,81,81,10,113,38,10,53,50,50,50,84,38,80,53,53,53,50,68,50,68,38,38,50,50,44,84,84,84,38,38,53,50,53,50,50,54,81,81,53,50,50,50,50,50,50,68,38,50,50,40,50,50,50,38,84,9,9,9,53,50,10,53,50,53,156,230,199,152,206,126,126,199,182,201,552,521,521,201,472,477,581,121,315,315,198,582,478,478,198,522,478,478,315,315,548,478,478,199,552,521,521,201,552,521,521,315,315,315,315,315,315,198,315,315,198,522,506,478,315,315,199,230,185,192,198,199,201,157,230,231,315,315,315,315,315,315,315,315,198,315,315,197,506,478,478,508,508,508,157,315,315,198,126,540,508,477,506,478,478,155,522,478,478,506,478,478,548,478,478,130,522,506,478,199,536,582,552,201,552,521,521,320,320,171,581,582,582,197,126,126,185,315,315,231,230,155,508,508,506,315,315,157,522,478,478,315,315,522,581,478,315,315,198,522,581,477,536,486,582,171,231,126,219,548,478,478,185,199,552,521,521,536,552,552,552,521,521,171,192,171,522,478,506,201,477,478,478,477,478,478,539,504,504,171,506,506,478,155,510,506,506,478,506,506,315,315,315,315,170,536,552,552,536,552,552,201,315,315,230,315,315,198,171,201,201,231,155,197,315,315,552,521,521,552,521,521,315,315,201,536,552,552,155,161,315,315,185,185,155,231,121,132,132,552,521,521,536,552,552,508,508,506,231,145,155,201,201,231,155,126,126,126,552,521,521,548,478,506,121,522,581,472,521,572,572,521,572,572,521,572,572,
39,81,38,38,114,38,54,38,81,38,38,54,38,53,38,44,84,38,38,53,84,84,114,71,36,40,84,84,9,246,246,246,246,315,315,231,506,478,478,552,521,521,198,552,521,521,231,155,508,506,508,522,506,478,320,320,315,315,171,522,508,506,522,506,478,155,315,315,552,521,521,201,552,521,521,506,478,478,161,315,315,155,552,521,521,552,521,521,231,126,189,171,552,521,521,521,572,572,521,572,572,521,572,572,
39,39,39,39,39,39,108,50,57,68,50,57,50,57,50,75,35,35,50,21,50,68,50,40,50,68,50,114,103,50,50,68,50,54,114,38,54,50,68,50,114,50,68,50,50,50,54,38,40,40,102,10,38,53,50,68,50,50,54,114,50,75,12,114,38,113,54,114,38,114,102,80,53,53,50,50,50,68,50,50,68,50,50,50,50,84,54,54,50,50,50,75,12,50,50,50,50,50,50,84,84,81,81,54,54,113,38,81,81,53,50,50,50,15,50,84,84,38,80,50,50,50,10,40,38,50,50,50,54,50,68,50,38,38,50,50,68,44,84,84,50,68,38,38,53,50,50,50,50,50,54,53,50,50,50,50,50,50,38,50,50,40,50,50,50,38,84,9,9,9,53,50,10,53,50,53,199,206,126,536,486,486,126,475,473,473,522,508,473,199,185,124,157,199,582,478,478,522,478,478,315,315,548,478,478,199,552,521,521,171,231,315,315,522,506,478,315,315,199,582,478,478,199,171,231,231,315,315,315,315,506,478,478,508,508,508,157,315,315,126,506,478,478,155,508,508,506,274,274,315,315,522,478,478,506,478,478,548,478,478,130,199,552,521,521,185,552,521,521,171,582,478,478,197,155,477,478,506,231,230,155,508,508,506,315,315,171,522,581,478,315,315,198,171,231,126,219,548,478,478,536,552,552,199,552,521,521,552,521,521,171,171,522,522,522,315,315,315,315,185,121,121,230,315,315,315,315,315,315,198,201,201,231,155,155,231,126,197,315,315,320,320,315,315,522,478,506,157,522,508,472,315,315,231,155,231,508,506,537,274,274,189,171,198,126,121,315,315,552,521,521,201,185,155,536,552,552,161,315,315,185,201,155,231,121,552,521,521,508,508,506,231,145,155,201,552,521,521,315,315,231,155,126,126,126,552,521,521,548,478,506,121,522,581,472,521,572,572,521,572,572,521,572,572,
39,53,53,80,84,38,38,114,80,86,86,50,50,53,50,50,53,320,315,315,320,221,521,572,572,307,316,315,315,197,221,521,572,572,307,316,315,315,197,477,478,478,477,478,478,477,478,478,477,478,478,477,478,478,
114,81,38,114,81,84,81,81,40,81,81,522,508,506,
114,81,38,114,81,84,81,81,40,81,81,522,508,506,
80,54,114,114,114,54,114,38,44,84,28,38,80,53,114,40,71,71,80,84,9,9,156,309,309,309,309,315,315,309,309,315,315,197,155,570,478,478,231,157,315,315,155,506,478,478,582,478,478,315,315,198,231,552,521,521,231,504,478,478,229,157,231,155,155,171,157,315,315,130,197,307,307,315,315,201,552,521,521,508,504,504,539,504,504,231,155,197,157,188,506,478,478,126,201,201,126,126,521,572,572,506,478,478,506,478,478,522,478,478,
10,38,180,157,477,478,478,155,508,506,506,582,478,478,582,478,478,477,478,478,
10,10,10,10,10,10,10,10,54,86,81,81,75,75,54,54,86,10,10,10,10,10,18,10,86,81,81,171,522,478,506,315,315,157,522,522,508,522,478,506,315,315,157,488,522,537,522,522,483,171,171,171,171,171,522,478,506,315,315,157,522,522,508,522,522,508,522,478,478,315,315,157,522,522,508,171,155,508,488,506,472,488,508,315,315,157,522,522,508,171,522,478,506,315,315,157,488,522,537,522,522,508,171,522,478,506,315,315,157,472,522,508,171,315,315,486,477,477,135,171,522,522,483,155,522,522,508,315,315,157,157,522,522,508,
39,39,39,39,39,39,39,39,35,35,35,53,53,53,50,57,50,50,57,50,57,50,50,50,53,50,114,54,103,53,50,54,10,10,54,50,50,54,10,54,81,54,10,71,80,10,54,54,84,50,50,10,50,68,81,54,114,115,84,50,86,81,81,75,75,54,54,84,50,54,54,50,86,10,10,50,10,50,50,50,68,50,50,10,10,54,112,40,50,50,50,38,40,50,50,54,38,86,81,81,54,50,50,50,50,38,38,38,50,50,40,50,50,50,50,84,80,84,10,54,50,53,53,53,53,53,53,53,53,53,53,53,53,53,53,53,53,53,53,53,53,53,53,53,30,156,152,540,477,581,180,180,152,152,506,478,478,126,171,171,522,478,506,315,315,157,522,522,508,522,478,506,315,315,157,488,522,537,522,522,483,477,478,478,315,315,522,477,477,315,315,198,126,231,171,231,522,548,581,197,171,231,155,522,522,483,155,522,522,508,188,315,315,157,522,522,508,126,552,521,521,185,171,536,582,582,315,315,198,126,582,478,478,142,478,583,493,171,315,315,157,522,522,508,522,522,508,155,522,478,506,155,552,521,521,185,315,315,157,522,522,508,171,552,521,521,155,508,488,506,472,488,508,171,315,315,157,522,522,508,171,309,309,522,478,506,315,315,157,488,522,537,522,522,508,309,309,171,536,552,582,229,157,522,478,506,315,315,157,472,522,508,171,522,478,478,171,580,504,504,508,504,504,522,508,506,170,552,521,521,552,521,521,157,155,197,552,521,521,155,539,478,478,521,572,572,521,572,572,521,572,572,
10,10,10,10,10,10,10,10,54,86,81,81,75,75,54,54,86,10,10,10,10,10,18,10,86,81,81,171,522,478,506,315,315,157,522,522,508,522,478,506,315,315,157,488,522,537,522,522,483,171,171,171,171,171,522,478,506,315,315,157,522,522,508,522,522,508,522,478,478,315,315,157,522,522,508,171,155,508,488,506,472,488,508,315,315,157,522,522,508,171,522,478,506,315,315,157,488,522,537,522,522,508,171,522,478,506,315,315,157,472,522,508,171,315,315,486,477,477,135,171,522,522,483,155,522,522,508,315,315,157,157,522,522,508,
10,10,10,10,10,10,115,86,81,81,75,75,54,54,86,10,10,10,10,10,18,10,86,81,81,38,38,38,50,50,40,171,522,478,506,315,315,157,522,522,508,522,478,506,315,315,157,488,522,537,522,522,483,171,171,171,171,142,478,583,493,171,315,315,157,522,522,508,522,522,508,315,315,157,522,522,508,171,155,508,488,506,472,488,508,315,315,157,522,522,508,171,309,309,522,478,506,315,315,157,488,522,537,522,522,508,309,309,171,522,478,506,315,315,157,472,522,508,171,315,315,486,477,477,135,171,522,522,483,155,522,522,508,315,315,157,522,522,508,167,167,157,
316,316,316,316,316,316,316,316,316,316,170,
81,84,40,114,309,309,129,316,316,137,157,201,201,157,198,231,198,198,198,
39,39,39,39,39,39,39,108,35,50,57,68,50,57,50,57,50,113,50,113,35,50,21,50,68,50,69,84,84,4,40,114,103,53,50,50,68,84,38,75,114,38,54,50,68,50,113,75,50,68,50,50,84,40,38,40,40,80,38,102,10,38,38,53,50,68,50,50,54,68,113,114,9,38,114,81,81,75,12,114,38,113,40,114,38,54,38,38,38,114,114,54,114,38,54,80,38,38,68,102,80,53,50,50,50,84,114,54,54,38,80,50,68,50,50,50,50,50,54,38,50,50,50,68,114,38,114,81,81,75,12,50,50,38,50,50,84,50,84,84,72,9,81,81,81,38,38,54,113,10,53,50,50,50,84,38,53,53,53,50,68,50,68,38,38,50,50,44,84,84,50,68,38,38,53,50,53,50,50,71,54,53,53,53,50,50,50,68,50,50,50,38,50,50,40,50,50,50,38,84,9,9,9,53,50,10,53,50,53,156,246,246,199,230,316,302,199,199,230,206,126,126,199,182,201,552,521,521,201,472,477,581,508,508,508,121,315,315,198,582,478,478,198,522,478,478,315,315,548,478,478,199,552,521,521,201,552,521,521,315,315,315,315,315,315,315,315,315,315,185,315,315,198,522,506,478,315,315,199,230,536,582,582,198,199,201,157,315,315,315,315,315,315,315,315,230,231,315,315,315,315,315,315,315,315,198,315,315,197,506,478,478,508,508,508,157,315,315,198,126,540,508,477,506,478,478,155,506,478,478,548,478,478,130,522,506,478,199,185,201,552,521,521,320,320,171,536,582,582,581,582,582,197,185,231,230,155,508,508,506,315,315,157,171,155,155,171,171,548,506,478,522,506,478,536,486,582,171,231,126,219,548,478,478,185,199,552,521,521,536,552,552,185,171,192,582,478,478,477,478,478,506,478,478,522,478,478,536,552,582,188,171,506,506,478,155,510,506,506,478,506,506,315,315,315,315,307,307,315,315,201,315,315,171,171,185,171,522,540,478,188,522,502,581,230,315,315,522,478,506,201,231,155,506,506,506,159,231,155,231,231,231,155,126,231,155,155,155,197,315,315,552,521,521,201,536,552,552,536,552,552,155,161,315,315,185,185,155,170,231,539,504,504,121,536,552,552,552,521,521,508,508,506,231,145,155,548,478,506,201,201,231,155,126,126,126,552,521,521,548,478,506,121,522,581,472,521,572,572,521,572,572,521,572,572,521,572,572,506,478,478,
39,39,39,39,39,39,39,39,35,40,81,53,9,38,38,38,114,50,75,12,114,38,38,114,114,54,114,38,80,38,53,54,38,75,12,84,84,72,81,81,54,113,81,81,80,10,40,10,75,38,38,38,44,84,68,38,53,53,53,53,38,84,38,84,53,156,156,156,246,246,552,521,521,552,521,521,508,508,508,552,521,521,552,521,521,552,521,521,477,478,506,315,315,552,521,521,552,521,521,552,521,521,231,231,506,478,478,522,506,478,552,521,521,552,521,521,552,521,521,582,478,478,155,477,478,506,522,581,478,315,315,198,548,506,478,522,506,478,552,521,521,552,521,521,552,521,521,171,522,522,522,582,478,478,477,478,478,506,478,478,522,478,478,171,552,521,521,171,522,540,478,522,508,508,230,315,315,518,521,521,552,521,521,315,315,315,315,552,521,521,155,231,126,197,518,521,521,552,521,521,315,315,320,320,315,315,522,478,506,157,522,508,472,315,315,231,155,180,231,537,508,508,274,274,189,171,198,126,315,315,552,521,521,201,552,521,521,315,315,315,315,161,315,315,552,521,521,155,518,521,521,552,521,521,231,552,521,521,199,315,315,518,521,521,552,521,521,231,496,478,478,155,155,552,521,521,552,521,521,315,315,231,155,521,572,572,521,572,572,521,572,572,
39,39,39,39,39,39,35,35,35,35,84,84,9,53,53,53,53,53,53,53,53,53,53,552,521,521,315,315,315,315,315,315,
39,309,309,309,309,192,
38,40,54,15,50,38,246,246,316,316,309,309,316,316,309,309,316,316,309,309,309,309,309,309,316,316,309,309,477,478,478,506,478,478,192,316,316,309,309,198,309,309,316,316,192,167,167,316,316,
315,315,315,315,315,315,315,315,315,315,
156,316,302,199,199,316,302,199,199,316,302,199,199,316,302,199,199,199,
39,28,10,80,114,81,81,81,38,114,54,114,38,54,114,84,54,114,40,38,10,38,38,10,114,114,114,38,40,38,38,114,36,4,231,153,478,496,504,231,171,230,316,302,199,199,522,478,506,171,548,478,506,231,197,316,302,199,199,315,315,198,316,302,199,199,316,302,199,199,315,315,198,315,315,198,316,302,199,199,316,302,199,199,316,302,199,199,316,302,199,199,316,302,199,199,231,171,552,496,496,522,496,496,231,231,231,231,145,189,548,506,506,201,536,582,552,171,231,198,155,316,302,199,199,145,472,477,508,316,302,199,199,199,
35,54,38,54,53,84,84,81,54,84,38,54,54,38,54,54,38,40,40,38,40,40,40,40,54,40,38,126,552,521,521,552,521,521,198,552,521,521,552,521,521,171,171,552,521,521,552,521,521,552,521,521,315,315,320,320,320,320,522,548,478,315,315,315,315,315,315,198,315,315,320,320,198,522,478,478,522,506,478,320,320,522,522,522,552,521,521,552,521,521,552,521,521,552,521,521,198,157,157,552,521,521,552,521,521,552,521,521,552,521,521,157,552,521,521,552,521,521,552,521,521,552,521,521,198,157,508,506,506,552,521,521,552,521,521,552,521,521,552,521,521,198,508,506,506,508,506,506,549,522,522,
39,39,39,39,50,57,50,50,57,50,50,50,50,156,
39,39,156,156,507,487,487,
44,44,44,80,44,75,86,20,246,246,552,521,521,316,316,197,552,521,521,246,246,320,320,320,320,522,488,522,
53,114,13,81,80,38,114,114,54,38,54,9,38,102,84,38,113,81,38,9,82,84,114,114,38,10,9,13,80,38,53,53,81,201,552,521,521,552,521,521,315,315,315,315,315,315,155,155,192,309,309,197,552,521,521,552,521,521,552,521,521,315,315,171,522,581,522,552,521,521,552,521,521,552,521,521,315,309,230,155,180,536,582,552,315,315,552,521,521,197,197,155,197,201,155,171,170,170,552,521,521,
39,108,50,50,50,40,50,50,38,50,50,15,38,50,68,68,68,50,50,40,68,68,63,68,84,68,114,54,81,50,50,80,18,50,156,156,156,156,316,316,316,316,152,144,170,508,506,506,316,316,522,483,581,522,478,478,198,316,316,157,199,199,199,316,316,316,316,552,521,521,316,316,552,521,521,508,537,522,155,199,199,201,201,132,199,552,521,521,552,521,521,201,316,316,316,316,316,316,315,315,170,552,521,521,552,521,521,548,478,478,135,199,197,197,316,316,135,135,316,316,
39,108,50,50,50,40,50,50,38,50,50,15,38,50,68,68,68,50,50,40,68,68,63,68,84,68,114,54,81,50,50,80,18,50,156,156,156,156,316,316,316,316,152,144,170,508,506,506,316,316,522,483,581,522,478,478,198,316,316,157,199,199,199,316,316,316,316,552,521,521,316,316,552,521,521,508,537,522,155,199,199,201,201,132,199,552,521,521,552,521,521,201,316,316,316,316,316,316,315,315,170,552,521,521,552,521,521,548,478,478,135,199,197,197,316,316,135,135,316,316,
108,38,38,18,71,316,316,316,316,144,188,316,316,316,316,522,478,478,198,316,316,316,316,316,316,316,316,539,504,504,316,316,316,316,316,316,316,316,316,316,316,316,316,316,316,316,539,504,504,316,316,316,316,316,316,135,539,504,504,539,504,504,316,316,
38,
53,
53,
81,40,102,81,81,9,38,81,38,54,38,80,80,84,81,84,40,81,157,522,570,506,315,309,231,522,506,581,506,478,478,157,197,171,522,477,477,320,320,506,478,478,307,316,197,197,157,157,508,506,506,
81,81,54,80,75,113,40,38,9,9,81,81,54,9,80,9,114,75,54,75,75,84,84,84,113,114,9,102,13,38,38,54,9,68,9,80,84,84,9,80,246,246,246,246,246,246,231,203,198,155,231,155,171,155,197,198,477,478,478,157,522,478,478,171,522,477,478,582,478,478,230,522,508,581,155,522,522,508,155,477,478,478,477,477,478,198,231,155,309,309,522,581,478,198,198,522,522,522,198,198,315,315,581,582,582,231,522,477,581,171,548,478,506,247,314,198,190,582,478,478,297,288,198,198,198,171,201,201,231,155,155,307,307,
81,81,54,80,75,113,40,38,9,9,81,81,54,9,80,9,114,75,54,75,75,84,84,84,113,114,9,102,13,38,38,54,9,68,9,80,84,84,9,80,246,246,246,246,246,246,231,203,198,155,231,155,171,155,197,198,477,478,478,157,522,478,478,171,522,477,478,582,478,478,230,522,508,581,155,522,522,508,155,477,478,478,477,477,478,198,231,155,309,309,522,581,478,198,198,522,522,522,198,198,315,315,581,582,582,231,522,477,581,171,548,478,506,247,314,198,190,582,478,478,297,288,198,198,198,171,201,201,231,155,155,307,307,
113,113,114,112,40,71,54,9,156,316,302,199,199,309,309,316,302,199,199,316,302,199,199,230,316,302,199,199,230,316,302,199,199,316,302,199,199,316,302,199,199,316,302,199,199,231,580,504,504,508,504,504,539,504,504,522,506,478,316,302,199,199,229,157,188,171,309,309,309,309,316,302,199,199,316,302,199,199,316,302,199,199,126,126,309,309,
113,113,114,112,40,71,54,9,156,316,302,199,199,309,309,316,302,199,199,316,302,199,199,230,316,302,199,199,230,316,302,199,199,316,302,199,199,316,302,199,199,316,302,199,199,231,580,504,504,508,504,504,539,504,504,522,506,478,316,302,199,199,229,157,188,171,309,309,309,309,316,302,199,199,316,302,199,199,316,302,199,199,126,126,309,309,
54,54,38,
39,39,156,
82,15,15,54,15,15,42,156,225,185,316,302,199,199,316,302,199,199,316,302,199,199,316,302,199,199,132,316,302,199,199,316,302,199,199,316,316,316,302,199,199,316,316,132,316,302,199,199,171,132,316,302,199,199,132,316,302,199,199,316,316,315,315,316,302,199,199,316,316,315,315,316,316,316,302,199,199,316,316,316,302,199,199,316,316,316,302,199,199,316,316,315,315,316,316,316,302,199,199,316,316,315,315,316,316,316,302,199,199,316,316,316,316,155,510,506,506,478,506,506,506,478,506,159,127,316,316,155,478,506,506,506,478,506,159,127,316,302,199,199,316,302,199,199,316,302,199,199,316,302,199,199,316,302,199,199,552,521,521,316,302,199,199,199,552,521,521,
39,39,156,155,510,506,506,478,506,506,506,478,506,159,159,127,
39,39,39,39,39,39,39,57,68,35,35,35,35,35,35,35,84,54,44,38,54,9,9,114,38,44,82,114,38,80,53,53,53,53,53,53,53,53,53,53,53,44,53,53,53,53,53,53,53,53,53,53,53,53,53,53,53,53,53,53,53,156,199,152,201,206,208,155,291,291,316,316,315,315,291,291,316,316,315,315,552,521,521,315,315,231,155,231,231,155,540,508,522,126,126,126,126,197,521,572,572,521,572,572,521,572,572,
39,39,39,39,39,39,39,57,68,35,35,35,35,35,35,35,84,54,53,53,53,53,53,53,53,53,53,53,53,53,53,53,53,53,53,53,53,53,53,53,53,53,53,53,53,53,53,53,53,53,53,53,53,199,552,521,521,206,206,518,521,521,
39,39,39,39,39,39,39,57,68,35,35,35,35,35,35,35,53,53,53,53,53,53,53,53,53,53,50,80,53,80,53,53,44,80,54,84,84,50,114,114,38,114,38,28,53,53,53,53,38,9,53,53,53,53,53,53,53,53,53,53,53,53,53,156,199,170,170,170,291,291,316,316,315,315,197,291,291,307,316,315,315,201,201,231,155,231,231,155,540,508,522,126,126,126,197,151,502,477,502,315,315,151,502,477,502,315,315,197,316,316,315,315,197,315,315,201,208,315,315,315,315,552,521,521,208,521,572,572,521,572,572,521,572,572,521,572,572,521,572,572,
39,39,39,39,39,39,39,57,68,35,35,35,35,35,35,35,84,54,53,53,53,53,53,53,53,53,53,53,53,53,53,53,53,53,53,53,53,53,53,53,53,53,53,53,53,53,53,53,53,53,53,53,53,199,552,521,521,206,206,518,521,521,
39,39,39,39,39,39,39,57,68,35,35,35,35,35,35,53,53,44,114,38,80,53,53,53,53,53,53,53,80,57,84,54,80,53,53,44,53,84,84,84,114,114,38,114,38,28,68,84,10,53,53,53,53,53,53,53,53,53,53,53,53,53,53,53,53,156,156,199,152,170,315,315,208,155,522,506,478,198,161,167,315,315,199,552,521,521,478,521,521,167,197,291,291,316,316,315,315,315,303,132,518,521,521,197,518,521,521,552,521,521,126,483,522,477,197,521,572,572,521,572,572,521,572,572,521,572,572,521,572,572,
39,39,39,39,39,39,39,57,68,35,35,35,35,35,35,53,53,44,114,38,80,53,53,53,53,53,53,53,80,53,53,44,53,53,53,53,53,84,38,9,53,53,53,53,53,53,53,53,53,53,53,53,185,170,167,552,521,521,552,521,521,167,552,521,521,155,208,167,197,167,315,315,197,167,521,572,572,521,572,572,521,572,572,521,572,572,521,572,572,
39,39,39,39,39,39,39,57,68,35,35,35,35,35,35,53,53,44,114,38,80,53,53,53,53,53,53,53,80,53,53,44,53,84,84,84,114,114,38,114,38,28,84,10,53,53,44,84,53,53,53,53,53,53,53,53,53,53,53,53,53,185,170,167,315,315,208,155,522,506,478,198,161,167,315,315,552,521,521,478,521,521,167,315,315,478,521,521,208,167,197,167,315,315,197,167,521,572,572,521,572,572,521,572,572,521,572,572,521,572,572,521,572,572,522,478,478,
39,39,39,39,39,39,39,57,68,35,35,35,35,35,35,53,53,44,114,38,80,53,53,53,53,53,53,53,80,57,84,54,53,53,44,53,84,84,84,114,114,38,114,38,28,84,10,53,53,53,53,53,53,53,53,53,53,53,53,53,53,53,53,185,170,167,315,315,208,155,522,506,478,198,161,167,315,315,552,521,521,478,521,521,167,197,167,315,315,518,521,521,197,518,521,521,552,521,521,126,483,522,477,167,521,572,572,521,572,572,521,572,572,521,572,572,521,572,572,
39,39,39,39,39,39,39,57,68,35,35,35,35,35,35,35,84,54,44,38,54,9,9,114,38,44,82,114,38,80,53,53,53,53,53,53,53,53,53,53,53,44,53,53,53,53,53,53,53,53,53,53,53,53,53,53,53,53,53,53,53,156,199,152,201,206,208,155,291,291,316,316,315,315,291,291,316,316,315,315,552,521,521,315,315,231,155,231,231,155,540,508,522,126,126,126,126,197,521,572,572,521,572,572,521,572,572,
39,39,39,39,39,39,39,57,68,35,35,35,35,35,35,53,53,44,114,38,80,53,53,53,53,53,53,53,80,57,84,54,80,53,53,44,53,84,84,50,114,114,38,114,38,28,68,84,38,9,9,53,53,53,53,53,53,53,53,53,53,53,53,53,53,53,53,156,156,199,152,170,170,522,506,478,198,161,315,315,199,552,521,521,126,126,126,167,197,291,291,316,316,315,315,315,303,132,518,521,521,197,518,521,521,552,521,521,126,483,522,477,291,291,307,316,315,315,201,231,155,231,231,155,540,508,522,126,126,126,126,197,197,521,572,572,521,572,572,521,572,572,521,572,572,521,572,572,
53,53,521,572,572,
68,50,114,114,40,9,53,50,50,80,114,114,50,50,199,157,522,581,522,316,316,552,521,521,197,231,231,548,506,506,316,316,552,521,521,548,506,506,582,478,478,582,478,478,155,186,186,522,522,483,
68,50,114,114,40,9,53,50,50,80,114,114,50,50,199,157,522,581,522,316,316,552,521,521,197,231,231,548,506,506,316,316,552,521,521,548,506,506,582,478,478,582,478,478,155,186,186,522,522,483,
114,114,38,38,81,
40,114,40,9,114,40,9,231,157,157,157,157,522,477,522,
40,114,40,9,114,40,9,231,157,157,157,157,522,477,522,
40,114,40,9,114,40,9,231,157,157,157,157,522,477,522,
68,50,114,40,9,53,50,50,80,114,114,80,114,40,9,50,114,40,54,9,50,199,157,522,581,522,316,316,552,521,521,197,231,231,548,506,506,197,316,316,552,521,521,548,506,506,582,478,478,582,478,478,155,548,478,478,552,521,521,171,157,522,548,522,552,521,521,157,508,508,583,508,508,583,522,478,478,
68,50,114,40,9,53,50,50,80,114,114,114,40,9,50,114,40,71,54,9,50,199,157,522,581,522,316,316,552,521,521,197,231,231,548,506,506,316,316,552,521,521,548,506,506,582,478,478,582,478,478,157,188,171,157,522,477,522,539,478,478,539,478,478,522,478,478,
114,54,54,84,84,84,84,81,81,34,9,9,10,9,309,309,171,171,201,315,315,231,192,192,198,315,309,126,477,478,506,309,309,309,309,309,309,
114,54,54,84,84,84,84,81,81,34,9,9,10,9,309,309,171,171,201,315,315,231,192,192,198,315,309,126,477,478,506,309,309,309,309,309,309,
114,80,9,81,231,197,522,477,522,315,315,198,198,198,201,201,155,
53,
53,
53,
39,39,75,156,316,316,316,316,315,309,
53,84,84,84,84,84,40,40,114,71,38,81,84,81,84,84,84,552,521,521,552,521,521,552,521,521,552,521,521,552,521,521,552,521,521,518,521,521,552,521,521,552,521,521,518,521,521,552,521,521,552,521,521,552,521,521,231,
39,39,39,39,39,35,35,18,18,156,156,156,156,156,156,156,156,156,156,156,156,156,156,156,156,152,320,320,320,320,135,
113,230,315,315,315,315,315,315,315,315,315,315,315,315,
39,39,39,39,39,39,68,68,10,10,40,10,63,156,156,156,156,156,156,156,156,156,156,156,156,199,199,157,171,508,506,506,171,508,506,506,171,231,231,155,198,171,582,478,478,582,478,478,582,478,478,582,478,478,506,478,478,
39,39,39,39,39,39,28,156,156,156,156,156,156,156,156,156,156,231,231,153,478,506,504,231,231,315,309,155,582,478,478,582,478,478,582,478,478,
39,39,39,39,39,39,35,68,9,38,18,68,28,53,84,114,38,156,156,156,156,156,156,156,185,199,477,478,478,135,135,145,
39,39,39,39,35,35,35,35,9,81,9,38,18,114,38,38,73,84,9,114,54,53,84,114,38,156,152,152,315,315,206,155,126,315,315,315,315,486,477,477,496,478,478,231,171,155,521,572,572,521,572,572,477,478,478,
54,53,68,114,68,84,28,80,53,145,582,478,478,316,316,171,496,478,478,316,316,315,315,536,521,521,315,315,316,316,316,316,582,478,478,536,582,582,552,521,496,127,522,496,478,231,536,582,486,496,478,478,315,315,231,155,508,581,508,155,155,315,315,548,478,478,548,478,478,582,478,478,
53,53,53,53,53,53,
81,9,114,28,80,315,315,198,539,478,478,197,197,549,522,522,
39,39,39,39,39,39,39,39,53,156,156,156,156,
39,39,39,39,39,39,39,39,39,108,35,35,35,35,35,53,53,84,84,21,53,53,53,53,53,53,53,84,80,53,53,53,53,53,80,80,53,53,53,53,156,316,316,152,152,206,552,521,521,315,315,552,521,521,206,488,489,557,307,316,315,315,127,307,316,315,315,197,316,316,315,315,197,170,478,521,521,521,572,572,521,572,572,521,572,572,
68,68,108,68,54,10,114,68,116,116,38,80,108,68,108,68,68,10,54,68,68,199,199,316,316,199,231,171,197,197,582,478,478,199,199,199,506,478,478,171,522,510,522,197,522,483,548,548,478,478,316,316,199,132,522,548,483,536,576,521,316,316,199,199,316,316,315,288,198,198,315,315,477,478,506,316,316,132,199,199,199,
40,82,38,71,38,68,10,38,38,10,38,508,508,488,155,508,508,506,316,316,126,155,508,508,506,316,316,185,219,316,316,506,478,478,198,132,219,219,316,316,
39,39,39,39,53,156,156,156,156,156,156,156,156,156,156,
39,39,39,50,68,113,54,38,156,156,156,156,156,156,156,156,152,167,185,230,552,521,521,315,315,315,315,552,521,521,315,315,316,316,522,478,478,315,315,316,316,198,315,315,316,316,316,316,198,
39,39,156,156,156,156,316,316,316,316,316,316,
39,39,39,54,53,54,54,156,156,156,156,192,192,192,522,508,508,
39,39,81,54,54,156,156,156,156,156,192,192,582,478,478,582,478,478,522,478,478,
39,39,39,39,39,35,18,18,156,156,156,156,156,156,156,156,156,156,156,156,156,156,156,156,156,
84,113,103,80,80,80,80,80,53,53,53,53,53,53,53,53,170,582,478,478,522,478,478,582,478,478,315,315,231,171,230,231,231,155,197,315,315,231,231,171,231,231,231,197,315,315,231,231,171,231,231,231,197,315,315,231,231,171,231,231,231,197,315,315,231,231,171,231,231,231,231,197,
39,39,39,39,39,39,39,39,39,39,39,39,39,39,39,39,39,39,39,39,39,39,39,39,39,39,39,39,39,9,9,9,9,156,156,156,156,156,156,156,
316,316,316,316,316,316,316,316,316,316,
316,316,316,316,316,316,316,316,316,316,
68,68,68,199,199,199,199,
39,39,39,39,39,39,39,39,156,156,156,156,156,
39,39,39,39,39,39,39,39,156,156,156,156,156,
57,57,57,57,57,57,9,113,84,54,34,81,54,80,18,84,38,81,57,53,84,9,9,221,503,572,572,477,478,478,221,503,572,572,316,316,230,152,518,552,503,315,315,171,552,521,521,167,198,231,220,539,478,478,548,478,478,315,315,126,522,478,478,155,231,231,171,171,197,552,521,521,486,581,581,135,171,171,315,315,201,506,506,478,157,155,582,478,478,309,309,171,197,552,521,521,309,309,309,309,309,309,315,315,126,309,309,309,309,552,521,521,552,521,521,552,521,521,
39,39,35,113,35,35,35,57,57,57,57,57,57,72,9,57,113,53,53,53,34,114,54,103,50,54,54,38,54,10,54,54,10,34,54,10,10,81,54,80,84,114,54,38,114,54,114,114,115,80,53,44,84,84,28,54,54,54,81,38,84,84,84,84,38,54,81,34,9,86,10,10,10,114,10,10,38,40,54,9,57,54,54,54,81,86,81,81,54,84,9,9,53,53,50,84,50,40,50,38,9,9,84,54,53,53,53,53,53,53,53,53,53,53,53,53,53,53,53,53,53,53,53,53,53,53,53,30,156,230,189,540,581,477,540,477,477,221,503,572,572,477,478,478,221,503,572,572,167,291,291,518,503,503,316,316,230,152,518,503,503,552,521,521,502,477,477,506,478,478,315,315,171,552,521,521,231,220,477,478,478,582,478,478,582,478,478,316,302,199,199,582,478,478,477,478,478,582,478,478,171,506,478,478,315,315,157,522,522,508,548,478,478,552,521,521,171,488,522,537,309,309,522,522,483,198,231,230,171,220,539,478,478,548,478,478,171,315,315,126,155,231,171,197,201,231,171,155,231,171,231,581,582,582,142,478,583,493,155,153,478,496,504,231,155,230,229,230,157,171,231,126,126,171,155,231,171,197,552,521,521,316,302,199,199,171,522,522,581,309,309,315,315,126,155,552,521,521,201,155,508,488,506,472,488,508,231,192,198,315,309,126,518,521,521,552,521,521,315,315,157,522,522,508,171,309,309,522,478,506,315,315,157,488,522,537,522,522,508,309,309,316,302,199,199,171,316,302,199,199,315,309,231,552,521,521,167,316,302,199,199,522,478,506,315,315,157,472,522,508,171,518,521,521,552,521,521,192,522,508,506,126,552,521,521,155,522,522,483,171,522,522,508,309,309,315,315,157,522,522,508,552,521,521,315,315,552,521,521,316,302,199,199,315,315,201,231,231,171,167,552,521,521,157,315,315,518,521,521,518,552,552,316,302,199,199,155,477,478,506,309,309,309,309,126,309,309,552,521,521,552,521,521,521,572,572,
57,57,57,57,57,57,9,113,84,54,34,81,54,80,18,84,38,81,57,53,84,9,9,221,503,572,572,477,478,478,221,503,572,572,316,316,230,152,518,552,503,315,315,171,552,521,521,167,198,231,220,539,478,478,548,478,478,315,315,126,522,478,478,155,231,231,171,171,197,552,521,521,486,581,581,135,171,171,315,315,201,506,506,478,157,155,582,478,478,309,309,171,197,552,521,521,309,309,309,309,309,309,315,315,126,309,309,309,309,552,521,521,552,521,521,552,521,521,
39,39,35,113,35,35,35,57,57,57,57,57,57,72,9,57,113,53,53,53,34,114,54,103,50,54,54,38,54,10,54,54,10,34,54,10,10,81,54,80,84,114,54,38,114,54,114,114,115,80,53,44,84,84,28,54,54,54,81,38,84,84,84,84,38,54,81,34,9,86,10,10,10,114,10,10,38,40,54,9,57,54,54,54,81,86,81,81,54,84,9,9,53,53,50,84,50,40,50,38,9,9,84,54,53,53,53,53,53,53,53,53,53,53,53,53,53,53,53,53,53,53,53,53,53,53,53,30,156,230,189,540,581,477,540,477,477,221,503,572,572,477,478,478,221,503,572,572,167,291,291,518,503,503,316,316,230,152,518,503,503,552,521,521,502,477,477,506,478,478,315,315,171,552,521,521,231,220,477,478,478,582,478,478,582,478,478,316,302,199,199,582,478,478,477,478,478,582,478,478,171,506,478,478,315,315,157,522,522,508,548,478,478,552,521,521,171,488,522,537,309,309,522,522,483,198,231,230,171,220,539,478,478,548,478,478,171,315,315,126,155,231,171,197,201,231,171,155,231,171,231,581,582,582,142,478,583,493,155,153,478,496,504,231,155,230,229,230,157,171,231,126,126,171,155,231,171,197,552,521,521,316,302,199,199,171,522,522,581,309,309,315,315,126,155,552,521,521,201,155,508,488,506,472,488,508,231,192,198,315,309,126,518,521,521,552,521,521,315,315,157,522,522,508,171,309,309,522,478,506,315,315,157,488,522,537,522,522,508,309,309,316,302,199,199,171,316,302,199,199,315,309,231,552,521,521,167,316,302,199,199,522,478,506,315,315,157,472,522,508,171,518,521,521,552,521,521,192,522,508,506,126,552,521,521,155,522,522,483,171,522,522,508,309,309,315,315,157,522,522,508,552,521,521,315,315,552,521,521,316,302,199,199,315,315,201,231,231,171,167,552,521,521,157,315,315,518,521,521,518,552,552,316,302,199,199,155,477,478,506,309,309,309,309,126,309,309,552,521,521,552,521,521,521,572,572,
38,506,478,478,522,478,478,155,155,477,478,478,
38,506,478,478,522,478,478,155,155,477,478,478,
39,39,39,39,39,68,35,53,53,84,53,53,53,53,53,53,53,40,7,113,40,6,40,40,40,4,40,4,80,307,316,315,315,315,315,201,552,521,521,171,309,309,475,473,582,230,157,307,316,123,552,521,521,307,316,307,316,157,157,309,309,309,309,171,472,508,522,309,309,472,508,522,309,309,307,316,309,309,309,309,309,309,121,309,309,309,309,472,477,477,309,309,309,309,157,472,508,522,309,309,472,508,522,309,309,309,309,309,309,121,309,309,309,309,309,309,309,309,309,309,309,309,309,309,472,477,477,309,309,309,309,315,315,309,309,309,309,548,478,478,
114,81,81,192,
114,81,81,192,
156,198,198,192,
35,53,44,80,53,53,53,53,44,114,38,7,113,40,113,114,114,113,38,114,53,170,539,581,477,197,170,155,582,478,478,506,478,478,199,230,475,582,473,474,581,473,199,230,475,582,473,475,582,473,474,581,473,
35,53,44,80,53,53,53,53,44,114,38,7,113,40,113,114,114,113,38,114,53,156,170,539,581,477,197,170,198,192,155,582,478,478,506,478,478,199,230,475,582,473,474,581,473,199,230,475,582,473,475,582,473,474,581,473,
53,38,114,71,38,315,315,315,315,552,521,521,315,315,231,315,315,582,478,478,552,521,521,315,315,315,315,315,309,315,309,315,309,315,309,315,309,315,309,315,309,315,309,315,309,315,309,315,309,315,309,188,315,309,315,309,539,478,478,155,155,582,478,478,
35,53,40,44,80,53,53,53,53,53,44,114,38,113,114,114,113,38,114,80,53,84,7,7,38,156,315,315,170,539,581,477,508,508,506,197,170,198,192,315,315,552,521,521,155,582,478,478,506,478,478,199,230,475,582,473,474,581,473,197,199,230,475,582,473,474,581,473,548,478,478,552,521,521,475,552,582,315,315,475,552,582,315,315,315,309,315,309,315,309,315,309,315,309,315,309,315,309,315,309,315,309,315,309,315,309,315,309,315,309,315,309,155,155,582,478,478,
35,53,40,44,80,53,53,53,53,53,44,114,38,113,114,114,113,38,114,80,53,84,7,7,38,156,315,315,170,539,581,477,508,508,506,197,170,198,192,315,315,552,521,521,155,582,478,478,506,478,478,199,230,475,582,473,474,581,473,197,199,230,475,582,473,474,581,473,548,478,478,552,521,521,475,552,582,315,315,475,552,582,315,315,315,309,315,309,315,309,315,309,315,309,315,309,315,309,315,309,315,309,315,309,315,309,315,309,315,309,315,309,155,155,582,478,478,
80,38,315,315,315,315,315,315,197,315,315,315,315,315,315,
40,38,508,508,506,157,508,506,508,315,315,155,477,478,478,315,315,315,315,309,309,
39,39,39,39,39,39,39,39,39,39,39,39,39,39,39,156,156,320,320,320,320,320,320,
39,39,39,39,39,114,114,80,156,231,153,153,197,
39,53,54,84,114,114,114,36,80,54,518,521,521,315,315,522,522,548,315,315,198,518,521,521,315,315,201,201,231,231,197,518,521,521,315,315,522,522,548,522,522,548,315,315,
38,68,53,53,53,53,156,316,316,155,508,508,506,171,508,508,477,274,274,182,155,155,536,521,582,
38,68,53,53,53,53,156,316,316,155,508,508,506,171,508,508,477,274,274,182,155,155,536,521,582,
54,81,81,171,315,315,315,315,170,170,170,
53,53,53,
84,84,84,114,114,38,114,36,80,53,53,44,68,84,54,44,68,84,80,161,315,315,582,478,478,506,478,478,197,508,477,522,536,521,521,552,521,521,171,536,521,521,552,521,521,552,521,521,197,
39,39,39,39,39,39,39,114,114,115,156,231,171,171,171,171,171,171,171,171,171,231,232,478,506,583,230,155,126,157,232,126,139,126,155,231,126,155,126,126,507,487,487,
38,
44,44,35,53,44,40,44,80,84,53,53,44,38,38,42,15,114,38,113,114,114,113,38,114,80,53,84,4,38,114,38,81,54,54,38,156,315,315,170,539,581,477,508,508,506,316,307,315,315,197,170,198,192,315,315,552,521,521,132,483,522,486,506,478,478,155,157,582,478,478,506,478,478,199,230,475,582,473,474,581,473,197,199,230,475,582,473,474,581,473,548,478,478,552,521,521,315,315,315,315,121,315,309,315,309,315,309,315,309,315,309,315,309,315,309,472,486,477,315,309,315,309,309,309,315,309,315,309,315,309,315,309,315,309,155,552,496,496,171,522,522,522,171,320,320,552,496,496,522,581,581,522,522,522,522,506,478,521,572,572,521,572,572,582,478,478,
44,44,44,40,53,38,42,38,114,38,38,40,9,9,6,80,9,9,80,44,80,80,7,40,40,4,4,9,9,4,4,71,71,71,71,38,114,38,81,86,114,28,54,38,114,54,38,508,508,506,157,508,506,508,170,170,170,170,475,582,552,552,521,521,510,506,508,159,552,521,521,552,521,521,552,521,521,171,231,126,123,231,197,126,582,478,478,548,478,478,552,521,521,552,521,521,552,521,521,197,197,548,506,506,475,582,582,231,581,582,582,197,124,230,552,521,521,124,157,508,473,473,508,506,508,472,477,486,472,477,477,477,478,478,477,478,478,121,472,477,477,472,477,477,539,478,478,539,478,478,472,477,477,121,126,472,477,477,188,126,472,477,477,188,157,188,121,472,477,477,188,539,504,504,121,539,478,478,552,496,496,231,171,171,320,320,171,552,496,496,582,478,478,522,478,478,522,478,478,522,506,478,
44,44,35,53,44,40,44,80,84,53,53,44,38,38,42,15,53,44,84,84,40,80,40,80,38,38,40,114,114,113,80,84,114,114,40,114,114,40,10,114,9,40,9,38,54,53,114,38,81,86,114,28,54,112,71,38,54,54,38,156,315,315,170,539,581,477,508,508,506,316,307,315,315,197,170,198,192,315,315,552,521,521,132,483,522,486,315,315,552,521,521,552,521,521,552,521,521,506,478,478,155,157,315,274,192,192,231,157,197,157,197,197,582,478,478,192,155,171,231,230,231,475,582,473,474,581,473,192,197,552,521,521,315,315,315,315,157,472,581,508,309,309,231,231,231,157,126,315,309,315,238,192,198,155,157,477,478,478,315,309,315,238,192,198,315,309,126,315,309,315,309,315,309,315,309,315,309,155,552,496,496,171,522,522,522,171,320,320,171,552,496,496,580,504,504,539,504,504,522,581,581,522,522,522,522,506,478,521,572,572,521,572,572,582,478,478,
114,8,54,53,315,315,315,274,192,192,182,
39,53,38,114,38,38,40,9,9,6,80,9,9,80,44,80,80,114,80,114,114,114,114,40,81,114,9,9,71,4,71,114,8,81,38,38,38,54,44,114,36,36,86,114,28,54,38,54,38,170,307,307,315,315,231,145,197,170,170,475,582,552,552,521,521,552,521,521,552,521,521,552,521,521,522,506,506,231,126,123,231,197,475,582,582,126,231,197,552,521,521,552,521,521,552,521,521,197,197,231,197,582,478,478,548,478,478,552,521,521,124,231,231,472,581,486,231,157,472,581,477,315,238,192,198,155,478,506,506,126,315,309,126,315,238,192,198,188,188,539,504,504,472,477,477,539,478,478,315,315,157,508,581,508,171,171,522,522,522,522,506,478,522,506,478,521,572,572,
86,54,86,86,54,
39,39,39,39,39,39,39,39,39,39,39,39,39,39,39,39,82,44,50,50,50,68,81,81,75,68,38,114,114,114,114,114,81,75,68,114,114,114,114,114,114,80,13,8,114,54,81,81,38,81,12,38,80,80,84,84,38,71,114,114,114,38,114,114,114,114,114,38,9,9,9,9,10,38,38,38,9,54,84,84,84,71,54,54,114,114,54,115,38,38,38,9,80,84,84,84,84,114,114,81,81,38,80,84,84,84,54,114,81,81,44,68,84,84,84,84,114,54,54,114,9,9,9,80,84,84,113,10,114,8,38,38,68,84,114,10,114,40,81,54,38,80,84,84,84,84,84,114,54,84,68,84,84,84,84,72,80,28,38,54,53,84,81,84,84,84,114,38,53,84,9,38,80,84,40,50,68,80,80,80,9,84,38,54,114,54,84,114,54,81,156,156,156,156,156,156,174,315,315,316,302,199,199,152,518,521,503,475,473,536,152,152,152,518,521,503,518,552,552,316,302,199,199,126,124,518,552,552,316,302,199,199,518,552,552,199,157,508,508,508,316,316,126,129,198,192,477,506,478,552,521,521,167,316,302,199,199,167,199,552,521,521,315,315,506,478,478,126,231,155,231,198,198,315,315,170,518,552,552,552,521,521,316,316,315,315,518,552,552,316,302,199,199,552,521,521,552,521,521,199,155,126,315,315,231,203,198,155,231,171,155,197,315,315,155,189,171,220,477,478,478,315,315,192,129,506,478,478,506,478,478,506,478,478,548,478,478,309,309,522,478,478,477,478,478,155,316,307,315,315,155,570,478,478,309,309,309,309,197,552,521,521,316,302,199,199,552,521,521,552,521,521,316,302,199,199,201,155,522,506,506,188,231,171,506,478,478,171,582,478,478,231,231,171,231,155,315,315,315,315,197,155,155,171,155,522,477,506,315,315,231,126,126,171,219,170,552,521,521,552,521,521,552,521,521,522,478,508,315,315,316,307,201,201,552,521,521,201,320,320,231,198,291,291,190,315,315,552,521,521,201,201,552,521,521,552,521,521,552,521,521,167,316,316,315,315,552,521,521,201,127,171,231,155,197,155,126,171,171,197,291,291,316,307,315,315,552,521,521,201,518,552,552,316,302,199,199,552,521,521,552,521,521,201,201,201,155,231,155,126,171,197,291,291,316,307,315,315,201,552,521,521,552,521,521,201,201,201,552,521,521,155,231,155,171,197,316,307,201,518,552,552,197,157,522,581,506,197,155,197,315,315,201,201,201,155,552,521,521,185,315,315,552,521,521,316,316,315,315,231,171,171,155,197,316,302,199,199,552,521,521,316,316,315,315,315,315,171,170,552,521,521,552,521,521,199,291,291,307,307,315,315,201,201,201,552,521,521,199,231,155,171,231,231,155,155,508,581,537,197,518,521,521,316,302,199,199,201,316,316,198,231,231,155,198,315,315,552,521,521,552,521,521,316,302,199,199,315,315,201,552,521,521,552,521,521,231,582,478,478,309,309,582,478,478,582,478,478,582,478,478,477,478,478,171,155,522,506,506,231,506,478,478,189,171,153,518,521,521,291,291,518,521,521,552,521,521,552,521,521,518,521,521,552,521,521,552,521,521,231,518,521,521,552,521,521,552,521,521,316,316,316,316,170,552,521,521,552,521,521,316,316,315,315,316,302,199,199,201,171,315,315,201,552,521,521,316,316,315,315,552,521,521,316,302,199,199,315,315,171,157,315,315,170,552,521,521,316,316,315,315,506,478,478,127,174,552,521,521,518,521,521,307,316,552,521,521,197,197,518,521,521,315,315,552,521,521,316,302,199,199,157,508,506,508,506,478,478,522,478,478,522,478,478,201,201,201,155,155,231,230,126,157,522,506,508,126,188,155,477,478,506,201,201,231,155,508,506,508,506,506,478,157,508,506,508,198,155,477,478,506,170,170,170,201,201,201,201,167,201,201,126,171,170,170,552,521,521,518,521,521,201,309,306,182,508,506,508,316,302,199,199,170,170,518,521,521,503,572,572,521,572,572,521,572,572,521,572,572,521,572,572,521,572,572,521,572,572,521,572,572,521,572,572,521,572,572,521,572,572,521,572,572,521,572,572,521,572,572,521,572,572,521,572,572,521,572,572,552,521,521,549,522,522,496,478,478,582,478,478,582,478,478,506,478,478,
53,53,521,572,572,
39,39,53,
35,40,10,10,40,10,54,54,552,521,521,552,521,521,552,521,521,198,522,478,506,552,521,521,552,521,521,552,521,521,522,478,506,198,198,522,478,506,
39,39,39,39,39,39,39,39,39,39,39,39,39,39,39,39,82,35,50,50,50,68,81,81,75,68,38,40,10,114,114,114,114,114,81,75,68,10,114,114,114,114,114,114,114,80,13,8,114,54,81,81,38,81,12,38,80,80,84,84,38,71,114,114,114,38,114,114,115,84,84,84,71,54,54,114,114,54,9,38,9,38,114,9,38,9,38,38,38,9,80,84,84,84,84,114,114,81,81,38,80,84,84,84,54,114,81,81,53,84,84,113,10,114,8,38,38,68,84,114,10,114,40,81,54,38,80,84,84,84,84,84,114,54,84,68,84,84,84,84,72,54,80,28,38,54,53,84,81,84,84,114,38,53,84,9,38,80,84,40,50,68,80,80,80,54,54,54,9,84,38,54,114,54,84,114,54,81,156,156,156,156,156,156,152,316,302,199,199,152,518,521,503,152,291,291,315,315,152,518,521,503,518,552,552,316,302,199,199,126,518,552,552,316,302,199,199,518,552,552,199,157,508,508,508,316,316,126,129,198,192,477,506,478,552,521,521,167,316,302,199,199,167,199,552,521,521,315,315,506,478,478,126,198,522,478,506,231,155,231,198,198,315,315,170,552,521,521,316,302,199,199,552,521,521,316,316,315,315,518,552,552,316,302,199,199,552,521,521,552,521,521,552,521,521,199,155,126,522,478,506,315,315,582,478,478,231,203,198,155,231,171,155,197,315,315,155,189,171,220,477,478,478,315,315,192,129,506,478,478,506,478,478,506,478,478,548,478,478,309,309,522,478,478,477,478,478,155,316,307,315,315,155,570,478,478,309,309,309,309,197,552,521,521,316,302,199,199,315,315,552,521,521,201,518,552,552,201,155,188,231,171,506,478,478,171,582,478,478,231,231,583,478,478,171,231,155,315,315,315,315,197,155,155,155,231,126,126,171,219,170,552,521,521,552,521,521,552,521,521,478,521,506,297,288,198,180,198,171,171,231,155,155,197,316,307,201,201,552,521,521,201,320,320,231,198,170,552,521,521,552,521,521,552,521,521,552,521,521,167,316,316,315,315,552,521,521,582,478,478,171,291,291,316,307,315,315,552,521,521,201,518,552,552,316,302,199,199,552,521,521,552,521,521,201,201,201,155,231,506,478,478,315,315,127,126,171,197,291,291,316,307,315,315,201,552,521,521,552,521,521,201,201,201,552,521,521,155,231,155,171,197,316,307,201,518,552,552,197,157,522,581,506,197,155,197,315,315,201,201,201,155,552,521,521,185,315,315,552,521,521,316,316,315,315,231,171,171,155,197,316,302,199,199,552,521,521,316,316,315,315,315,315,171,170,552,521,521,552,521,521,167,199,291,291,307,307,315,315,201,201,201,552,521,521,199,231,155,171,231,231,155,155,508,581,537,197,518,521,521,316,302,199,199,201,316,316,198,231,231,155,198,315,315,552,521,521,552,521,521,316,302,199,199,315,315,201,552,521,521,552,521,521,231,582,478,478,309,309,582,478,478,582,478,478,582,478,478,477,478,478,171,155,231,506,478,478,189,171,153,506,478,478,188,171,518,521,521,291,291,518,521,521,552,521,521,552,521,521,518,521,521,552,521,521,552,521,521,231,518,521,521,552,521,521,552,521,521,316,316,316,316,170,552,521,521,518,552,552,552,521,521,316,302,199,199,316,302,199,199,201,171,315,315,201,552,521,521,316,316,315,315,552,521,521,316,302,199,199,315,315,171,157,315,315,170,552,521,521,316,316,315,315,174,552,521,521,518,521,521,307,316,552,521,521,197,197,518,521,521,315,315,316,302,199,199,157,508,506,508,506,478,478,522,478,478,522,478,478,201,552,521,521,316,316,315,315,201,155,155,231,230,126,157,522,506,508,126,188,155,477,478,506,201,201,231,155,508,506,508,506,506,478,157,508,506,508,198,155,477,478,506,170,170,170,201,201,201,201,167,201,201,126,171,170,170,552,521,521,518,521,521,201,309,306,182,508,506,508,316,302,199,199,170,170,518,521,521,521,572,572,521,572,572,521,572,572,521,572,572,521,572,572,521,572,572,521,572,572,521,572,572,521,572,572,521,572,572,521,572,572,521,572,572,521,572,572,521,572,572,521,572,572,521,572,572,549,522,522,496,478,478,582,478,478,582,478,478,506,478,478,
35,40,10,10,40,10,54,54,552,521,521,552,521,521,552,521,521,198,522,478,506,552,521,521,552,521,521,552,521,521,522,478,506,198,198,522,478,506,
39,44,44,6,8,53,53,53,84,81,81,80,38,112,71,38,123,170,518,521,521,229,188,197,155,153,548,478,478,170,518,521,521,167,580,504,504,539,504,504,320,320,320,320,522,478,478,
9,9,9,9,81,81,246,246,
9,9,9,9,81,81,246,246,
39,68,84,53,84,81,81,84,81,81,114,9,80,9,7,113,114,9,80,114,114,9,80,84,40,9,7,113,9,84,81,4,4,114,9,80,9,54,552,521,521,552,521,521,552,521,521,552,521,521,197,486,581,548,126,477,506,506,231,197,582,478,478,197,552,521,521,552,521,521,552,521,521,157,508,506,506,124,316,316,230,475,582,582,316,316,581,582,582,552,521,521,121,472,477,477,121,472,477,477,197,486,581,548,316,316,316,316,315,315,
39,8,84,81,114,38,54,81,299,299,170,518,521,521,552,521,521,518,521,521,201,170,167,522,548,508,522,548,508,522,488,508,
35,35,35,35,35,35,68,38,9,9,9,4,54,9,9,38,40,9,71,75,9,9,9,114,114,81,81,81,40,72,54,84,40,10,114,81,81,81,54,38,54,114,84,84,114,81,38,84,81,38,81,81,63,38,38,57,50,81,552,521,521,552,521,521,121,472,581,477,522,477,581,552,521,521,552,521,521,155,320,320,231,231,552,521,521,552,521,521,552,521,521,552,521,521,506,478,478,320,320,582,478,478,582,478,478,231,192,309,309,309,309,552,521,521,552,521,521,552,521,521,552,521,521,320,320,309,309,582,478,478,582,478,478,582,478,478,309,309,309,309,309,309,231,508,508,506,189,189,309,309,309,309,309,309,309,309,309,309,309,309,171,231,309,309,309,309,552,521,521,552,521,521,552,521,521,552,521,521,198,522,478,506,582,478,478,522,581,477,522,478,478,582,478,478,552,521,521,552,521,521,315,315,315,315,198,129,198,198,552,521,521,315,315,315,315,315,315,552,521,521,552,521,521,552,521,521,552,521,521,552,521,521,552,521,521,552,521,521,552,521,521,552,521,521,552,521,521,552,521,521,552,521,521,230,552,521,521,552,521,521,477,478,478,552,521,521,231,581,582,582,309,309,167,518,521,552,552,521,521,171,171,171,309,309,
39,39,39,39,39,39,39,39,39,39,39,39,39,39,39,39,39,39,108,35,35,35,35,35,35,35,35,68,38,9,9,9,4,81,54,68,9,40,10,114,81,9,50,68,38,10,114,40,114,9,81,71,75,9,8,114,54,9,9,38,12,38,80,68,38,114,81,81,81,12,12,72,40,12,54,9,9,114,114,95,9,50,68,84,40,10,114,81,81,81,12,38,114,114,9,95,38,80,84,84,81,114,114,81,38,84,54,81,113,112,71,114,40,8,38,38,68,84,114,54,38,22,54,38,80,53,84,84,84,84,81,28,38,9,38,54,53,84,84,81,84,84,84,63,38,18,38,84,113,113,68,50,54,81,114,54,114,54,84,50,84,114,54,156,156,156,156,225,167,316,302,199,199,167,199,121,472,581,477,126,522,477,581,552,521,521,518,552,552,316,302,199,199,518,552,552,199,155,198,522,478,506,320,320,171,171,231,231,552,521,521,518,552,552,316,302,199,199,552,521,521,518,552,552,199,506,478,478,522,478,506,320,320,582,478,478,582,478,478,231,192,189,171,220,477,478,478,506,478,478,506,478,478,506,478,478,548,478,478,309,309,522,478,478,126,316,307,315,315,155,570,478,478,309,309,552,521,521,552,521,521,518,552,552,316,302,199,199,199,155,309,309,180,180,582,478,478,309,309,231,309,309,198,309,309,231,189,315,274,198,182,189,309,309,309,309,309,309,126,126,309,309,477,478,478,477,478,478,309,309,309,309,231,155,126,155,155,309,315,309,309,477,478,478,518,552,552,316,302,199,199,552,521,521,199,552,521,521,552,521,521,171,198,522,478,506,582,478,478,197,231,155,126,155,548,561,478,570,561,478,522,478,478,548,478,478,552,521,521,552,521,521,231,315,315,315,315,198,129,198,198,167,552,521,521,316,316,198,229,188,581,582,582,552,521,521,552,521,521,188,580,504,504,157,539,504,504,155,477,478,506,231,508,504,504,539,504,504,155,508,506,508,506,506,478,157,508,506,508,198,155,477,478,506,316,307,199,231,126,130,315,315,315,315,315,315,126,130,197,315,315,552,521,521,552,521,521,552,521,521,552,521,521,552,521,521,552,521,521,231,582,478,478,309,309,582,478,478,582,478,478,582,478,478,477,478,478,522,478,478,315,315,316,316,315,315,231,232,231,155,153,539,504,504,167,552,521,521,552,521,521,552,521,521,518,521,521,552,521,521,552,521,521,231,477,478,478,518,521,521,552,521,521,552,521,521,231,316,316,135,518,521,521,552,521,521,552,521,521,230,581,582,582,230,522,581,508,552,521,521,309,306,182,316,302,199,199,518,521,521,316,302,199,199,199,552,521,521,552,521,521,132,522,486,483,132,522,486,483,552,521,521,552,521,521,518,521,521,552,521,521,309,309,552,521,521,552,521,521,552,521,521,201,157,171,157,315,315,552,521,521,552,521,521,552,521,521,552,521,521,171,315,315,552,521,521,552,521,521,552,521,521,201,552,521,521,171,315,315,170,552,521,521,316,316,315,315,552,521,521,552,521,521,518,521,552,552,521,521,508,506,506,508,506,506,508,506,506,
35,35,35,38,9,9,9,4,114,114,114,114,81,81,81,54,40,10,114,81,81,81,80,84,84,114,114,84,72,63,38,552,521,521,552,521,521,121,472,581,477,231,581,582,582,231,522,477,581,552,521,521,552,521,521,552,521,521,320,320,582,478,478,582,478,478,552,521,521,552,521,521,552,521,521,552,521,521,552,521,521,320,320,231,231,231,552,521,521,552,521,521,552,521,521,552,521,521,552,521,521,320,320,582,478,478,582,478,478,582,478,478,522,581,477,552,521,521,552,521,521,552,521,521,552,521,521,198,522,478,506,582,478,478,197,548,478,478,552,521,521,508,506,508,508,508,506,552,521,521,189,315,315,315,315,315,315,540,506,506,540,506,506,477,478,478,
12,9,9,81,112,71,81,81,54,84,81,84,81,81,81,84,81,81,84,81,84,53,152,246,246,171,198,198,198,157,540,506,508,171,198,155,522,561,478,552,521,521,198,198,315,315,129,582,478,478,155,155,522,478,478,201,201,201,552,521,521,552,521,521,552,521,521,157,508,506,508,171,171,231,231,552,521,521,552,521,521,552,521,521,580,504,504,539,504,504,201,229,539,504,504,153,508,504,504,157,188,157,508,506,508,180,506,478,506,127,477,506,478,552,521,521,552,521,521,552,521,521,552,521,521,582,478,478,315,315,477,478,478,582,478,478,522,478,478,582,478,478,522,478,478,506,478,478,506,478,478,549,522,522,
9,9,80,44,114,42,80,9,9,522,477,478,316,307,522,477,478,316,307,315,315,315,315,157,522,510,522,315,315,126,126,171,
53,84,54,50,80,54,221,548,506,506,548,506,506,521,572,572,299,299,309,309,299,299,309,315,299,299,171,197,170,548,478,478,315,288,198,198,155,548,478,506,197,197,197,231,315,315,315,297,171,197,315,315,171,171,506,478,478,
35,53,84,84,9,71,80,81,81,81,114,80,80,15,299,299,299,299,299,299,315,315,552,521,521,475,582,582,315,315,188,197,539,478,478,548,478,478,198,475,582,582,552,521,521,198,518,521,521,198,518,521,521,552,521,521,197,548,506,506,197,522,508,548,518,521,521,552,521,521,548,506,506,548,506,506,198,198,315,315,
80,156,198,170,518,521,521,201,126,548,478,478,198,155,197,170,201,127,522,496,478,522,496,478,198,
156,201,198,155,155,198,
126,126,126,198,198,155,198,198,198,155,
113,7,9,4,201,201,198,198,201,198,198,155,581,582,582,155,581,582,582,315,315,155,201,552,521,521,475,582,582,581,582,582,155,124,230,155,201,552,521,521,477,478,478,472,477,477,198,121,126,126,126,155,
156,201,201,198,
231,126,231,155,171,231,126,171,171,299,299,
35,291,291,552,521,521,552,521,521,315,246,552,521,521,552,521,521,315,246,315,246,155,
57,108,108,57,57,57,68,54,53,80,84,83,68,68,68,113,40,68,68,68,80,68,68,68,68,68,68,54,68,38,68,38,54,50,68,68,40,114,68,40,114,68,54,80,199,132,518,521,521,315,315,315,315,197,201,315,315,315,315,197,315,315,199,230,157,548,506,506,199,315,315,518,521,521,548,506,506,199,581,582,582,508,506,506,199,199,199,548,506,478,518,521,521,199,199,518,521,521,199,155,199,155,199,199,132,199,506,478,478,199,506,478,478,518,521,521,132,231,231,199,508,506,506,199,508,506,506,171,197,582,478,478,199,508,506,506,582,478,478,199,522,478,506,522,478,506,548,478,478,
54,114,38,38,54,9,54,54,114,38,54,54,38,54,18,38,80,53,53,53,53,68,84,80,53,53,53,84,54,54,84,9,54,84,246,246,316,316,315,315,171,315,315,231,126,477,478,478,506,478,478,157,155,508,506,506,506,478,478,477,478,478,477,478,478,171,506,478,478,477,478,478,478,506,506,171,316,316,126,171,316,316,477,478,478,171,171,171,315,315,157,522,477,477,522,478,478,171,198,316,316,315,315,316,316,315,315,316,316,316,316,135,315,315,155,315,315,506,478,478,171,171,496,478,478,155,171,197,552,521,521,171,536,552,582,171,552,496,496,171,171,548,478,478,315,315,552,521,521,201,171,171,552,496,496,522,496,496,522,581,581,316,316,552,521,521,316,316,126,201,316,316,316,316,552,521,521,
39,39,39,39,39,39,39,39,39,39,39,39,39,39,39,39,39,39,39,39,35,113,35,104,113,68,113,35,35,35,84,84,81,81,84,84,89,9,9,50,68,38,9,9,9,9,38,38,80,9,68,40,10,114,114,54,18,113,113,81,75,68,40,9,10,40,114,114,71,113,80,13,8,114,54,38,4,38,81,12,38,80,80,84,38,71,114,114,114,40,114,114,114,38,114,114,114,38,38,38,38,9,9,84,84,84,71,54,38,114,114,114,114,115,38,38,80,84,114,114,114,81,38,38,80,84,54,114,81,95,50,50,84,84,40,10,38,114,8,54,38,38,53,68,84,114,10,114,40,81,54,38,80,84,84,114,54,84,68,84,84,84,28,54,84,84,114,54,38,38,113,38,84,84,95,84,84,63,38,114,53,53,53,53,53,53,53,53,53,53,114,114,38,53,50,40,68,80,84,84,80,80,84,38,9,96,44,96,84,38,114,54,84,114,54,156,156,156,156,156,156,156,225,307,307,230,316,302,199,199,152,518,521,503,152,230,518,521,503,199,230,316,302,199,199,206,126,126,126,167,316,302,199,199,167,199,155,477,478,477,198,582,478,478,230,582,478,478,230,571,478,478,231,522,548,581,198,192,197,126,167,316,302,199,199,199,201,157,126,126,198,522,478,506,320,320,231,155,316,302,199,199,171,198,581,582,582,581,582,582,198,198,315,315,170,518,552,552,167,316,302,199,199,518,552,552,199,508,506,506,477,506,506,126,522,478,506,320,320,315,315,231,192,231,203,198,155,230,171,155,197,315,315,155,189,171,220,478,506,571,315,315,192,129,472,508,581,522,478,478,477,478,478,155,316,307,315,315,155,570,478,478,309,309,197,201,518,552,552,201,552,521,521,315,315,155,188,231,171,157,582,478,478,582,478,478,231,171,231,155,231,155,155,155,155,522,478,506,315,315,315,315,231,126,126,171,219,170,518,552,552,518,552,552,552,521,521,167,316,302,199,199,552,521,521,552,521,521,316,302,199,199,315,315,552,521,521,518,552,552,522,478,478,316,307,201,201,552,521,521,201,320,320,231,315,315,315,315,198,198,129,170,552,521,521,552,521,521,316,302,199,199,552,521,521,552,521,521,316,316,315,315,552,521,521,508,506,508,315,315,316,307,315,315,201,201,552,521,521,201,552,521,521,167,316,316,315,315,201,201,155,231,155,126,171,197,291,291,315,315,201,552,521,521,201,201,201,201,552,521,521,155,231,155,171,197,316,307,201,309,297,197,157,522,581,506,197,155,197,315,315,201,201,201,155,170,552,521,521,316,302,199,199,315,315,552,521,521,316,316,315,315,518,552,552,316,302,199,199,518,552,552,315,315,315,315,171,291,291,307,307,315,315,552,521,521,185,315,315,552,521,521,552,521,521,552,521,521,316,316,315,315,201,201,316,302,199,199,315,315,188,231,155,197,291,291,307,307,315,315,201,201,201,552,521,521,199,231,155,171,231,231,155,155,522,522,508,197,518,521,521,316,302,199,199,201,316,316,198,231,231,155,198,518,521,521,155,197,315,315,552,521,521,201,201,552,521,521,552,521,521,231,582,478,478,309,309,582,478,478,582,478,478,582,478,478,477,478,478,171,155,231,506,478,478,171,155,504,478,478,230,155,518,521,521,291,291,552,521,521,552,521,521,155,548,561,478,548,561,478,197,518,521,521,552,521,521,552,521,521,231,582,478,478,477,478,478,518,521,521,552,521,521,552,521,521,231,231,316,302,199,199,201,552,521,521,171,315,315,201,201,552,521,521,167,316,316,201,171,157,315,315,170,552,521,521,316,316,315,315,552,521,521,506,478,478,127,522,506,478,315,315,315,315,198,198,552,521,521,552,496,496,307,316,201,197,197,518,521,521,315,315,201,518,552,552,201,231,582,478,478,157,508,506,508,506,478,478,522,478,478,522,478,478,201,518,552,552,316,316,518,552,552,316,302,199,199,155,155,231,231,153,201,157,522,506,508,315,315,126,188,299,299,157,274,274,126,472,508,522,316,316,201,231,155,508,476,508,315,315,315,315,157,155,477,478,506,170,170,170,552,521,521,316,316,315,315,307,316,201,201,201,201,231,231,522,477,581,315,315,171,197,170,552,521,521,315,315,170,170,552,521,521,315,315,170,552,521,521,518,552,521,201,309,306,182,508,506,508,316,302,199,199,315,315,315,315,315,315,315,315,167,316,302,199,199,199,167,316,302,199,199,201,155,521,572,572,521,572,572,521,572,572,521,572,572,521,572,572,521,572,572,521,572,572,521,572,572,552,521,521,552,521,521,549,522,522,549,522,522,496,478,478,
39,39,39,39,39,39,39,29,104,53,53,53,53,53,53,53,53,53,53,53,53,182,182,146,152,152,170,
274,274,
40,274,274,274,274,508,508,506,
39,54,54,53,
506,478,478,477,478,478,477,478,478,506,478,478,
57,57,57,57,57,
57,57,57,57,57,
57,57,57,57,57,
39,54,9,9,114,54,114,54,53,53,132,315,249,124,122,126,231,132,508,522,473,309,309,171,315,309,231,483,548,581,315,315,132,475,582,483,475,582,483,170,
114,9,54,12,81,54,81,63,84,81,84,50,81,84,84,40,81,231,522,477,581,315,315,315,315,171,522,522,522,155,522,478,478,171,171,201,157,508,506,506,316,316,315,315,552,521,521,552,521,521,508,506,506,
39,39,39,39,39,35,9,53,53,57,
39,39,114,114,54,10,10,71,38,114,114,28,53,171,522,581,581,478,506,506,135,478,506,506,135,539,478,478,522,478,478,135,188,197,522,581,548,539,478,478,539,478,478,539,478,478,539,478,478,
39,39,39,35,84,9,114,114,10,10,54,54,54,114,114,28,53,552,521,521,552,521,521,478,506,506,135,478,506,506,135,157,171,171,197,539,478,478,539,478,478,539,478,478,
39,39,39,53,53,53,53,53,53,
39,71,38,82,57,10,155,522,478,478,316,316,522,478,478,316,316,506,478,478,171,539,478,478,188,233,478,583,521,233,171,299,299,315,315,315,315,539,478,478,
39,39,39,39,39,39,39,39,39,113,81,68,28,9,156,156,316,316,230,316,316,316,316,126,185,274,274,522,478,478,522,478,478,145,
39,113,35,9,9,53,53,230,126,522,522,477,315,315,504,478,478,229,157,155,171,126,522,581,477,121,126,126,522,548,477,522,548,477,121,
39,39,39,39,44,35,68,68,54,54,54,156,156,316,316,536,536,582,316,316,199,536,536,552,316,316,199,198,198,171,
39,39,39,39,44,35,68,68,54,54,54,156,156,316,316,536,536,582,316,316,199,536,536,552,316,316,199,198,198,171,
35,35,9,
35,35,53,
54,
39,39,39,39,39,39,39,39,39,39,35,44,35,35,9,68,68,54,54,54,9,156,156,156,156,316,316,536,536,582,316,316,199,536,536,552,316,316,199,198,198,171,
39,54,68,54,57,9,9,114,54,57,113,9,9,80,116,116,7,114,114,38,38,114,114,114,38,9,71,8,57,57,57,57,80,53,10,7,54,84,40,10,10,53,53,84,10,54,10,10,81,9,116,116,54,54,80,114,28,114,9,80,10,53,50,53,53,53,104,167,186,508,522,537,167,536,552,552,167,185,132,315,315,315,315,315,315,315,249,124,122,126,231,132,508,522,473,309,309,171,315,309,230,126,522,522,477,197,157,540,506,508,199,199,475,582,582,231,155,155,508,506,506,522,581,478,315,315,126,315,315,518,521,521,197,170,518,521,521,536,521,521,124,316,316,122,522,522,473,552,496,496,508,506,506,139,157,130,188,197,576,521,521,475,521,521,315,315,552,521,521,478,521,521,201,145,539,472,472,518,521,521,315,315,552,521,521,315,315,548,478,506,171,548,478,506,197,132,197,518,521,521,199,199,316,316,155,316,316,171,197,171,548,506,506,518,521,521,315,315,170,518,521,521,552,521,521,518,521,521,315,315,219,307,307,315,315,478,521,521,126,483,548,477,315,315,126,170,170,521,572,572,
54,113,9,9,80,38,10,114,10,10,80,10,10,10,10,80,9,167,186,508,522,537,167,167,230,155,126,522,522,477,197,506,478,478,130,167,582,478,478,139,130,548,478,478,231,139,130,197,167,197,548,478,506,548,478,506,548,478,506,548,478,478,
39,54,38,81,81,53,38,38,53,53,522,478,478,198,315,315,198,315,315,231,171,582,478,478,180,504,478,478,157,188,477,478,478,477,478,478,582,478,478,504,478,478,229,231,157,508,504,508,315,303,157,171,299,299,231,231,155,126,127,127,477,478,478,
54,54,80,80,80,114,36,315,315,315,315,127,582,478,478,582,478,478,477,478,478,504,478,478,477,478,478,127,477,478,478,506,478,478,230,153,582,478,478,315,315,198,506,506,478,157,508,508,508,171,188,155,508,506,506,186,508,508,537,157,506,478,478,171,478,506,506,315,315,291,291,315,315,171,291,291,315,315,315,315,171,
40,75,508,508,506,508,506,506,274,274,157,508,506,508,274,274,231,198,198,155,
54,54,54,54,171,
39,39,39,39,39,39,39,39,53,53,53,57,54,53,53,53,57,57,80,35,57,113,35,104,57,68,68,9,54,53,80,57,54,53,53,84,114,114,54,54,53,84,80,53,114,114,96,80,96,80,53,53,53,53,84,84,103,82,156,156,156,156,156,156,156,156,156,156,156,156,156,156,156,156,156,200,199,291,291,291,291,291,291,291,291,291,291,291,291,291,291,291,291,291,291,291,291,201,201,201,201,309,315,171,309,315,171,231,231,309,306,171,315,315,315,315,309,288,198,198,203,315,315,315,315,174,536,521,503,315,315,185,291,291,522,522,522,315,315,231,155,197,152,152,152,152,152,230,315,315,171,170,167,174,316,316,315,315,171,170,167,174,167,174,197,522,548,488,170,291,291,315,315,197,170,170,170,291,291,315,315,315,315,170,170,170,170,170,170,170,291,291,174,316,307,315,315,201,315,315,316,316,231,155,152,170,152,170,170,170,170,291,291,307,307,315,315,201,201,201,201,201,201,201,201,231,231,171,171,171,231,309,315,126,315,315,126,171,171,171,171,171,171,171,171,152,170,521,572,572,521,572,572,521,572,572,521,572,572,503,572,572,521,572,572,521,572,572,521,572,572,521,572,572,521,572,572,521,572,572,506,478,478,
39,39,39,39,35,35,35,35,41,114,114,114,38,38,81,81,9,53,156,156,167,552,521,521,231,171,522,522,508,167,552,521,521,126,170,518,521,521,522,486,508,170,170,518,521,521,
174,174,174,
114,114,54,54,40,40,522,508,477,
315,315,
315,315,315,315,315,315,315,315,315,315,315,315,315,315,
